-- phpMyAdmin SQL Dump
-- version 5.2.1
-- https://www.phpmyadmin.net/
--
-- Host: localhost:3307
-- Generation Time: Jun 23, 2024 at 11:57 AM
-- Server version: 10.4.32-MariaDB
-- PHP Version: 8.2.12

SET SQL_MODE = "NO_AUTO_VALUE_ON_ZERO";
START TRANSACTION;
SET time_zone = "+00:00";


/*!40101 SET @OLD_CHARACTER_SET_CLIENT=@@CHARACTER_SET_CLIENT */;
/*!40101 SET @OLD_CHARACTER_SET_RESULTS=@@CHARACTER_SET_RESULTS */;
/*!40101 SET @OLD_COLLATION_CONNECTION=@@COLLATION_CONNECTION */;
/*!40101 SET NAMES utf8mb4 */;

--
-- Database: `newdummy`
--

-- --------------------------------------------------------

--
-- Table structure for table `attendancerecord`
--

CREATE TABLE `attendancerecord` (
  `attRecordID` int(20) NOT NULL,
  `employeeID` int(20) NOT NULL,
  `date` date NOT NULL,
  `timeIn` time(6) NOT NULL,
  `timeOut` time(6) DEFAULT NULL
) ENGINE=InnoDB DEFAULT CHARSET=utf8mb4 COLLATE=utf8mb4_general_ci;

--
-- Dumping data for table `attendancerecord`
--

INSERT INTO `attendancerecord` (`attRecordID`, `employeeID`, `date`, `timeIn`, `timeOut`) VALUES
(1, 10001, '2022-09-01', '08:00:00.000000', '17:00:00.000000'),
(2, 10001, '2022-09-02', '08:00:00.000000', '17:00:00.000000'),
(3, 10001, '2022-09-05', '08:00:00.000000', '17:00:00.000000'),
(4, 10001, '2022-09-06', '08:00:00.000000', '17:00:00.000000'),
(5, 10001, '2022-09-07', '08:00:00.000000', '17:00:00.000000'),
(6, 10001, '2022-09-08', '08:00:00.000000', '17:00:00.000000'),
(7, 10001, '2022-09-09', '08:00:00.000000', '17:00:00.000000'),
(8, 10001, '2022-09-12', '08:00:00.000000', '17:00:00.000000'),
(9, 10001, '2022-09-13', '08:00:00.000000', '17:00:00.000000'),
(10, 10001, '2022-09-14', '08:00:00.000000', '17:00:00.000000'),
(11, 10001, '2022-09-15', '08:00:00.000000', '17:00:00.000000'),
(12, 10001, '2022-09-16', '08:00:00.000000', '17:00:00.000000'),
(13, 10001, '2022-09-19', '08:00:00.000000', '17:00:00.000000'),
(14, 10001, '2022-09-20', '08:00:00.000000', '17:00:00.000000'),
(15, 10001, '2022-09-21', '08:00:00.000000', '17:00:00.000000'),
(16, 10001, '2022-09-22', '08:00:00.000000', '17:00:00.000000'),
(17, 10001, '2022-09-23', '08:00:00.000000', '17:00:00.000000'),
(18, 10001, '2022-09-26', '08:00:00.000000', '17:00:00.000000'),
(19, 10001, '2022-09-27', '08:00:00.000000', '17:00:00.000000'),
(20, 10001, '2022-09-28', '08:00:00.000000', '17:00:00.000000'),
(21, 10001, '2022-09-29', '08:00:00.000000', '17:00:00.000000'),
(22, 10001, '2022-09-30', '08:00:00.000000', '17:00:00.000000'),
(23, 10001, '2022-10-03', '08:00:00.000000', '17:00:00.000000'),
(24, 10001, '2022-10-04', '08:00:00.000000', '17:00:00.000000'),
(25, 10001, '2022-10-05', '08:00:00.000000', '17:00:00.000000'),
(26, 10001, '2022-10-06', '08:00:00.000000', '17:00:00.000000'),
(27, 10001, '2022-10-07', '08:00:00.000000', '17:00:00.000000'),
(28, 10001, '2022-10-10', '08:00:00.000000', '17:00:00.000000'),
(29, 10001, '2022-10-11', '08:00:00.000000', '17:00:00.000000'),
(30, 10001, '2022-10-12', '08:00:00.000000', '17:00:00.000000'),
(31, 10001, '2022-10-13', '08:00:00.000000', '17:00:00.000000'),
(32, 10001, '2022-10-14', '08:00:00.000000', '17:00:00.000000'),
(33, 10001, '2022-10-17', '08:00:00.000000', '17:00:00.000000'),
(34, 10001, '2022-10-18', '08:00:00.000000', '17:00:00.000000'),
(35, 10001, '2022-10-19', '08:00:00.000000', '17:00:00.000000'),
(36, 10001, '2022-10-20', '08:00:00.000000', '17:00:00.000000'),
(37, 10001, '2022-10-21', '08:00:00.000000', '17:00:00.000000'),
(38, 10001, '2022-10-24', '08:00:00.000000', '17:00:00.000000'),
(39, 10001, '2022-10-25', '08:00:00.000000', '17:00:00.000000'),
(40, 10001, '2022-10-26', '08:00:00.000000', '17:00:00.000000'),
(41, 10001, '2022-10-27', '08:00:00.000000', '17:00:00.000000'),
(42, 10001, '2022-10-28', '08:00:00.000000', '17:00:00.000000'),
(43, 10001, '2022-10-31', '08:00:00.000000', '17:00:00.000000'),
(44, 10001, '2022-11-01', '12:00:00.000000', '00:00:00.000000'),
(45, 10001, '2022-11-02', '08:00:00.000000', '17:00:00.000000'),
(46, 10001, '2022-11-03', '08:00:00.000000', '17:00:00.000000'),
(47, 10001, '2022-11-04', '08:00:00.000000', '17:00:00.000000'),
(48, 10001, '2022-11-07', '08:00:00.000000', '17:00:00.000000'),
(49, 10001, '2022-11-08', '08:00:00.000000', '17:00:00.000000'),
(50, 10001, '2022-11-09', '08:00:00.000000', '17:00:00.000000'),
(51, 10001, '2022-11-10', '08:00:00.000000', '17:00:00.000000'),
(52, 10001, '2022-11-11', '08:00:00.000000', '17:00:00.000000'),
(53, 10001, '2022-11-14', '08:00:00.000000', '17:00:00.000000'),
(54, 10001, '2022-11-15', '08:00:00.000000', '17:00:00.000000'),
(55, 10001, '2022-11-16', '08:00:00.000000', '17:00:00.000000'),
(56, 10001, '2022-11-17', '08:00:00.000000', '17:00:00.000000'),
(57, 10001, '2022-11-18', '08:00:00.000000', '17:00:00.000000'),
(58, 10001, '2022-11-21', '08:00:00.000000', '17:00:00.000000'),
(59, 10001, '2022-11-22', '08:00:00.000000', '17:00:00.000000'),
(60, 10001, '2022-11-23', '08:00:00.000000', '17:00:00.000000'),
(61, 10001, '2022-11-24', '08:00:00.000000', '17:00:00.000000'),
(62, 10001, '2022-11-25', '08:00:00.000000', '17:00:00.000000'),
(63, 10001, '2022-11-28', '08:00:00.000000', '17:00:00.000000'),
(64, 10001, '2022-11-29', '08:00:00.000000', '17:00:00.000000'),
(65, 10001, '2022-11-30', '12:00:00.000000', '00:00:00.000000'),
(66, 10001, '2022-12-01', '08:00:00.000000', '17:00:00.000000'),
(67, 10001, '2022-12-02', '08:00:00.000000', '17:00:00.000000'),
(68, 10001, '2022-12-05', '08:00:00.000000', '17:00:00.000000'),
(69, 10001, '2022-12-06', '08:00:00.000000', '17:00:00.000000'),
(70, 10001, '2022-12-07', '08:00:00.000000', '17:00:00.000000'),
(71, 10001, '2022-12-08', '12:00:00.000000', '00:00:00.000000'),
(72, 10001, '2022-12-09', '08:00:00.000000', '17:00:00.000000'),
(73, 10001, '2022-12-12', '08:00:00.000000', '17:00:00.000000'),
(74, 10001, '2022-12-13', '08:00:00.000000', '17:00:00.000000'),
(75, 10001, '2022-12-14', '08:00:00.000000', '17:00:00.000000'),
(76, 10001, '2022-12-15', '08:00:00.000000', '17:00:00.000000'),
(77, 10001, '2022-12-16', '08:00:00.000000', '17:00:00.000000'),
(78, 10001, '2022-12-19', '08:00:00.000000', '17:00:00.000000'),
(79, 10001, '2022-12-20', '08:00:00.000000', '17:00:00.000000'),
(80, 10001, '2022-12-21', '08:00:00.000000', '17:00:00.000000'),
(81, 10001, '2022-12-22', '08:00:00.000000', '17:00:00.000000'),
(82, 10001, '2022-12-23', '08:00:00.000000', '17:00:00.000000'),
(83, 10001, '2022-12-26', '08:00:00.000000', '17:00:00.000000'),
(84, 10001, '2022-12-27', '08:00:00.000000', '17:00:00.000000'),
(85, 10001, '2022-12-28', '08:00:00.000000', '17:00:00.000000'),
(86, 10001, '2022-12-29', '08:00:00.000000', '17:00:00.000000'),
(87, 10001, '2022-12-30', '12:00:00.000000', '00:00:00.000000'),
(88, 10002, '2022-09-01', '08:00:00.000000', '17:00:00.000000'),
(89, 10002, '2022-09-02', '08:00:00.000000', '17:00:00.000000'),
(90, 10002, '2022-09-05', '08:00:00.000000', '17:00:00.000000'),
(91, 10002, '2022-09-06', '08:00:00.000000', '17:00:00.000000'),
(92, 10002, '2022-09-07', '08:00:00.000000', '17:00:00.000000'),
(93, 10002, '2022-09-08', '08:00:00.000000', '17:00:00.000000'),
(94, 10002, '2022-09-09', '08:00:00.000000', '17:00:00.000000'),
(95, 10002, '2022-09-12', '08:00:00.000000', '17:00:00.000000'),
(96, 10002, '2022-09-13', '08:00:00.000000', '17:00:00.000000'),
(97, 10002, '2022-09-14', '08:00:00.000000', '17:00:00.000000'),
(98, 10002, '2022-09-15', '08:00:00.000000', '17:00:00.000000'),
(99, 10002, '2022-09-16', '08:00:00.000000', '17:00:00.000000'),
(100, 10002, '2022-09-19', '08:00:00.000000', '17:00:00.000000'),
(101, 10002, '2022-09-20', '08:00:00.000000', '17:00:00.000000'),
(102, 10002, '2022-09-21', '08:00:00.000000', '17:00:00.000000'),
(103, 10002, '2022-09-22', '08:00:00.000000', '17:00:00.000000'),
(104, 10002, '2022-09-23', '08:00:00.000000', '17:00:00.000000'),
(105, 10002, '2022-09-26', '08:00:00.000000', '17:00:00.000000'),
(106, 10002, '2022-09-27', '08:00:00.000000', '17:00:00.000000'),
(107, 10002, '2022-09-28', '08:00:00.000000', '17:00:00.000000'),
(108, 10002, '2022-09-29', '08:00:00.000000', '17:00:00.000000'),
(109, 10002, '2022-09-30', '08:00:00.000000', '17:00:00.000000'),
(110, 10002, '2022-10-03', '08:00:00.000000', '17:00:00.000000'),
(111, 10002, '2022-10-04', '08:00:00.000000', '17:00:00.000000'),
(112, 10002, '2022-10-05', '08:00:00.000000', '17:00:00.000000'),
(113, 10002, '2022-10-06', '08:00:00.000000', '17:00:00.000000'),
(114, 10002, '2022-10-07', '08:00:00.000000', '17:00:00.000000'),
(115, 10002, '2022-10-10', '08:00:00.000000', '17:00:00.000000'),
(116, 10002, '2022-10-11', '08:00:00.000000', '17:00:00.000000'),
(117, 10002, '2022-10-12', '08:00:00.000000', '17:00:00.000000'),
(118, 10002, '2022-10-13', '08:00:00.000000', '17:00:00.000000'),
(119, 10002, '2022-10-14', '08:00:00.000000', '17:00:00.000000'),
(120, 10002, '2022-10-17', '08:00:00.000000', '17:00:00.000000'),
(121, 10002, '2022-10-18', '08:00:00.000000', '17:00:00.000000'),
(122, 10002, '2022-10-19', '08:00:00.000000', '17:00:00.000000'),
(123, 10002, '2022-10-20', '08:00:00.000000', '17:00:00.000000'),
(124, 10002, '2022-10-21', '08:00:00.000000', '17:00:00.000000'),
(125, 10002, '2022-10-24', '08:00:00.000000', '17:00:00.000000'),
(126, 10002, '2022-10-25', '08:00:00.000000', '17:00:00.000000'),
(127, 10002, '2022-10-26', '08:00:00.000000', '17:00:00.000000'),
(128, 10002, '2022-10-27', '08:00:00.000000', '17:00:00.000000'),
(129, 10002, '2022-10-28', '08:00:00.000000', '17:00:00.000000'),
(130, 10002, '2022-10-31', '08:00:00.000000', '17:00:00.000000'),
(131, 10002, '2022-11-01', '12:00:00.000000', '00:00:00.000000'),
(132, 10002, '2022-11-02', '08:00:00.000000', '17:00:00.000000'),
(133, 10002, '2022-11-03', '08:00:00.000000', '17:00:00.000000'),
(134, 10002, '2022-11-04', '08:00:00.000000', '17:00:00.000000'),
(135, 10002, '2022-11-07', '08:00:00.000000', '17:00:00.000000'),
(136, 10002, '2022-11-08', '08:00:00.000000', '17:00:00.000000'),
(137, 10002, '2022-11-09', '08:00:00.000000', '17:00:00.000000'),
(138, 10002, '2022-11-10', '08:00:00.000000', '17:00:00.000000'),
(139, 10002, '2022-11-11', '08:00:00.000000', '17:00:00.000000'),
(140, 10002, '2022-11-14', '08:00:00.000000', '17:00:00.000000'),
(141, 10002, '2022-11-15', '08:00:00.000000', '17:00:00.000000'),
(142, 10002, '2022-11-16', '08:00:00.000000', '17:00:00.000000'),
(143, 10002, '2022-11-17', '08:00:00.000000', '17:00:00.000000'),
(144, 10002, '2022-11-18', '08:00:00.000000', '17:00:00.000000'),
(145, 10002, '2022-11-21', '08:00:00.000000', '17:00:00.000000'),
(146, 10002, '2022-11-22', '08:00:00.000000', '17:00:00.000000'),
(147, 10002, '2022-11-23', '08:00:00.000000', '17:00:00.000000'),
(148, 10002, '2022-11-24', '08:00:00.000000', '17:00:00.000000'),
(149, 10002, '2022-11-25', '08:00:00.000000', '17:00:00.000000'),
(150, 10002, '2022-11-28', '08:00:00.000000', '17:00:00.000000'),
(151, 10002, '2022-11-29', '08:00:00.000000', '17:00:00.000000'),
(152, 10002, '2022-11-30', '12:00:00.000000', '00:00:00.000000'),
(153, 10002, '2022-12-01', '08:00:00.000000', '17:00:00.000000'),
(154, 10002, '2022-12-02', '08:00:00.000000', '17:00:00.000000'),
(155, 10002, '2022-12-05', '08:00:00.000000', '17:00:00.000000'),
(156, 10002, '2022-12-06', '08:00:00.000000', '17:00:00.000000'),
(157, 10002, '2022-12-07', '08:00:00.000000', '17:00:00.000000'),
(158, 10002, '2022-12-08', '12:00:00.000000', '00:00:00.000000'),
(159, 10002, '2022-12-09', '08:00:00.000000', '17:00:00.000000'),
(160, 10002, '2022-12-12', '08:00:00.000000', '17:00:00.000000'),
(161, 10002, '2022-12-13', '08:00:00.000000', '17:00:00.000000'),
(162, 10002, '2022-12-14', '08:00:00.000000', '17:00:00.000000'),
(163, 10002, '2022-12-15', '12:00:00.000000', '00:00:00.000000'),
(164, 10002, '2022-12-16', '12:00:00.000000', '00:00:00.000000'),
(165, 10002, '2022-12-19', '12:00:00.000000', '00:00:00.000000'),
(166, 10002, '2022-12-20', '12:00:00.000000', '00:00:00.000000'),
(167, 10002, '2022-12-21', '12:00:00.000000', '00:00:00.000000'),
(168, 10002, '2022-12-22', '12:00:00.000000', '00:00:00.000000'),
(169, 10002, '2022-12-23', '12:00:00.000000', '00:00:00.000000'),
(170, 10002, '2022-12-26', '12:00:00.000000', '00:00:00.000000'),
(171, 10002, '2022-12-27', '12:00:00.000000', '00:00:00.000000'),
(172, 10002, '2022-12-28', '12:00:00.000000', '00:00:00.000000'),
(173, 10002, '2022-12-29', '12:00:00.000000', '00:00:00.000000'),
(174, 10002, '2022-12-30', '12:00:00.000000', '00:00:00.000000'),
(175, 10003, '2022-09-01', '08:00:00.000000', '17:00:00.000000'),
(176, 10003, '2022-09-02', '08:00:00.000000', '17:00:00.000000'),
(177, 10003, '2022-09-05', '08:00:00.000000', '17:00:00.000000'),
(178, 10003, '2022-09-06', '11:30:00.000000', '17:00:00.000000'),
(179, 10003, '2022-09-07', '08:00:00.000000', '17:00:00.000000'),
(180, 10003, '2022-09-08', '08:00:00.000000', '17:00:00.000000'),
(181, 10003, '2022-09-09', '08:00:00.000000', '17:00:00.000000'),
(182, 10003, '2022-09-12', '08:00:00.000000', '17:00:00.000000'),
(183, 10003, '2022-09-13', '08:00:00.000000', '17:00:00.000000'),
(184, 10003, '2022-09-14', '08:00:00.000000', '17:00:00.000000'),
(185, 10003, '2022-09-15', '11:30:00.000000', '17:00:00.000000'),
(186, 10003, '2022-09-16', '08:00:00.000000', '17:00:00.000000'),
(187, 10003, '2022-09-19', '08:00:00.000000', '17:00:00.000000'),
(188, 10003, '2022-09-20', '08:00:00.000000', '17:00:00.000000'),
(189, 10003, '2022-09-21', '08:00:00.000000', '17:00:00.000000'),
(190, 10003, '2022-09-22', '08:00:00.000000', '17:00:00.000000'),
(191, 10003, '2022-09-23', '08:00:00.000000', '17:00:00.000000'),
(192, 10003, '2022-09-26', '11:30:00.000000', '17:00:00.000000'),
(193, 10003, '2022-09-27', '08:00:00.000000', '17:00:00.000000'),
(194, 10003, '2022-09-28', '08:00:00.000000', '17:00:00.000000'),
(195, 10003, '2022-09-29', '08:00:00.000000', '17:00:00.000000'),
(196, 10003, '2022-09-30', '08:00:00.000000', '17:00:00.000000'),
(197, 10003, '2022-10-03', '08:00:00.000000', '17:00:00.000000'),
(198, 10003, '2022-10-04', '08:00:00.000000', '17:00:00.000000'),
(199, 10003, '2022-10-05', '11:30:00.000000', '17:00:00.000000'),
(200, 10003, '2022-10-06', '08:00:00.000000', '17:00:00.000000'),
(201, 10003, '2022-10-07', '08:00:00.000000', '17:00:00.000000'),
(202, 10003, '2022-10-10', '08:00:00.000000', '17:00:00.000000'),
(203, 10003, '2022-10-11', '08:00:00.000000', '17:00:00.000000'),
(204, 10003, '2022-10-12', '08:00:00.000000', '17:00:00.000000'),
(205, 10003, '2022-10-13', '08:00:00.000000', '17:00:00.000000'),
(206, 10003, '2022-10-14', '11:30:00.000000', '17:00:00.000000'),
(207, 10003, '2022-10-17', '08:00:00.000000', '17:00:00.000000'),
(208, 10003, '2022-10-18', '08:00:00.000000', '17:00:00.000000'),
(209, 10003, '2022-10-19', '08:00:00.000000', '17:00:00.000000'),
(210, 10003, '2022-10-20', '08:00:00.000000', '17:00:00.000000'),
(211, 10003, '2022-10-21', '08:00:00.000000', '17:00:00.000000'),
(212, 10003, '2022-10-24', '08:00:00.000000', '17:00:00.000000'),
(213, 10003, '2022-10-25', '11:30:00.000000', '17:00:00.000000'),
(214, 10003, '2022-10-26', '08:00:00.000000', '17:00:00.000000'),
(215, 10003, '2022-10-27', '08:00:00.000000', '17:00:00.000000'),
(216, 10003, '2022-10-28', '08:00:00.000000', '17:00:00.000000'),
(217, 10003, '2022-10-31', '08:00:00.000000', '17:00:00.000000'),
(218, 10003, '2022-11-01', '12:00:00.000000', '00:00:00.000000'),
(219, 10003, '2022-11-02', '08:00:00.000000', '17:00:00.000000'),
(220, 10003, '2022-11-03', '11:30:00.000000', '17:00:00.000000'),
(221, 10003, '2022-11-04', '08:00:00.000000', '17:00:00.000000'),
(222, 10003, '2022-11-07', '08:00:00.000000', '17:00:00.000000'),
(223, 10003, '2022-11-08', '08:00:00.000000', '17:00:00.000000'),
(224, 10003, '2022-11-09', '08:00:00.000000', '17:00:00.000000'),
(225, 10003, '2022-11-10', '08:00:00.000000', '17:00:00.000000'),
(226, 10003, '2022-11-11', '08:00:00.000000', '17:00:00.000000'),
(227, 10003, '2022-11-14', '11:30:00.000000', '17:00:00.000000'),
(228, 10003, '2022-11-15', '08:00:00.000000', '17:00:00.000000'),
(229, 10003, '2022-11-16', '08:00:00.000000', '17:00:00.000000'),
(230, 10003, '2022-11-17', '08:00:00.000000', '17:00:00.000000'),
(231, 10003, '2022-11-18', '08:00:00.000000', '17:00:00.000000'),
(232, 10003, '2022-11-21', '08:00:00.000000', '17:00:00.000000'),
(233, 10003, '2022-11-22', '08:00:00.000000', '17:00:00.000000'),
(234, 10003, '2022-11-23', '11:30:00.000000', '17:00:00.000000'),
(235, 10003, '2022-11-24', '08:00:00.000000', '17:00:00.000000'),
(236, 10003, '2022-11-25', '08:00:00.000000', '17:00:00.000000'),
(237, 10003, '2022-11-28', '08:00:00.000000', '17:00:00.000000'),
(238, 10003, '2022-11-29', '08:00:00.000000', '17:00:00.000000'),
(239, 10003, '2022-11-30', '12:00:00.000000', '00:00:00.000000'),
(240, 10003, '2022-12-01', '08:00:00.000000', '17:00:00.000000'),
(241, 10003, '2022-12-02', '11:30:00.000000', '17:00:00.000000'),
(242, 10003, '2022-12-05', '08:00:00.000000', '17:00:00.000000'),
(243, 10003, '2022-12-06', '08:00:00.000000', '17:00:00.000000'),
(244, 10003, '2022-12-07', '08:00:00.000000', '17:00:00.000000'),
(245, 10003, '2022-12-08', '12:00:00.000000', '00:00:00.000000'),
(246, 10003, '2022-12-09', '08:00:00.000000', '17:00:00.000000'),
(247, 10003, '2022-12-12', '08:00:00.000000', '17:00:00.000000'),
(248, 10003, '2022-12-13', '11:30:00.000000', '17:00:00.000000'),
(249, 10003, '2022-12-14', '08:00:00.000000', '17:00:00.000000'),
(250, 10003, '2022-12-15', '12:00:00.000000', '00:00:00.000000'),
(251, 10003, '2022-12-16', '12:00:00.000000', '00:00:00.000000'),
(252, 10003, '2022-12-19', '12:00:00.000000', '00:00:00.000000'),
(253, 10003, '2022-12-20', '12:00:00.000000', '00:00:00.000000'),
(254, 10003, '2022-12-21', '12:00:00.000000', '00:00:00.000000'),
(255, 10003, '2022-12-22', '12:00:00.000000', '00:00:00.000000'),
(256, 10003, '2022-12-23', '12:00:00.000000', '00:00:00.000000'),
(257, 10003, '2022-12-26', '12:00:00.000000', '00:00:00.000000'),
(258, 10003, '2022-12-27', '12:00:00.000000', '00:00:00.000000'),
(259, 10003, '2022-12-28', '12:00:00.000000', '00:00:00.000000'),
(260, 10003, '2022-12-29', '12:00:00.000000', '00:00:00.000000'),
(261, 10003, '2022-12-30', '12:00:00.000000', '00:00:00.000000'),
(262, 10004, '2022-09-01', '08:00:00.000000', '17:00:00.000000'),
(263, 10004, '2022-09-02', '08:00:00.000000', '17:00:00.000000'),
(264, 10004, '2022-09-05', '08:00:00.000000', '17:00:00.000000'),
(265, 10004, '2022-09-06', '08:00:00.000000', '17:00:00.000000'),
(266, 10004, '2022-09-07', '08:00:00.000000', '17:00:00.000000'),
(267, 10004, '2022-09-08', '08:00:00.000000', '17:00:00.000000'),
(268, 10004, '2022-09-09', '08:00:00.000000', '17:00:00.000000'),
(269, 10004, '2022-09-12', '08:00:00.000000', '17:00:00.000000'),
(270, 10004, '2022-09-13', '08:00:00.000000', '17:00:00.000000'),
(271, 10004, '2022-09-14', '08:00:00.000000', '17:00:00.000000'),
(272, 10004, '2022-09-15', '08:00:00.000000', '17:00:00.000000'),
(273, 10004, '2022-09-16', '08:00:00.000000', '17:00:00.000000'),
(274, 10004, '2022-09-19', '08:00:00.000000', '17:00:00.000000'),
(275, 10004, '2022-09-20', '08:00:00.000000', '17:00:00.000000'),
(276, 10004, '2022-09-21', '08:00:00.000000', '17:00:00.000000'),
(277, 10004, '2022-09-22', '08:00:00.000000', '17:00:00.000000'),
(278, 10004, '2022-09-23', '08:00:00.000000', '17:00:00.000000'),
(279, 10004, '2022-09-26', '08:00:00.000000', '17:00:00.000000'),
(280, 10004, '2022-09-27', '08:00:00.000000', '17:00:00.000000'),
(281, 10004, '2022-09-28', '08:00:00.000000', '17:00:00.000000'),
(282, 10004, '2022-09-29', '08:00:00.000000', '17:00:00.000000'),
(283, 10004, '2022-09-30', '08:00:00.000000', '17:00:00.000000'),
(284, 10004, '2022-10-03', '08:00:00.000000', '17:00:00.000000'),
(285, 10004, '2022-10-04', '08:00:00.000000', '17:00:00.000000'),
(286, 10004, '2022-10-05', '08:00:00.000000', '17:00:00.000000'),
(287, 10004, '2022-10-06', '08:00:00.000000', '17:00:00.000000'),
(288, 10004, '2022-10-07', '08:00:00.000000', '17:00:00.000000'),
(289, 10004, '2022-10-10', '08:00:00.000000', '17:00:00.000000'),
(290, 10004, '2022-10-11', '08:00:00.000000', '17:00:00.000000'),
(291, 10004, '2022-10-12', '08:00:00.000000', '17:00:00.000000'),
(292, 10004, '2022-10-13', '08:00:00.000000', '17:00:00.000000'),
(293, 10004, '2022-10-14', '08:00:00.000000', '17:00:00.000000'),
(294, 10004, '2022-10-17', '08:00:00.000000', '17:00:00.000000'),
(295, 10004, '2022-10-18', '08:00:00.000000', '17:00:00.000000'),
(296, 10004, '2022-10-19', '08:00:00.000000', '17:00:00.000000'),
(297, 10004, '2022-10-20', '08:00:00.000000', '17:00:00.000000'),
(298, 10004, '2022-10-21', '08:00:00.000000', '17:00:00.000000'),
(299, 10004, '2022-10-24', '08:00:00.000000', '17:00:00.000000'),
(300, 10004, '2022-10-25', '08:00:00.000000', '17:00:00.000000'),
(301, 10004, '2022-10-26', '08:00:00.000000', '17:00:00.000000'),
(302, 10004, '2022-10-27', '08:00:00.000000', '17:00:00.000000'),
(303, 10004, '2022-10-28', '08:00:00.000000', '17:00:00.000000'),
(304, 10004, '2022-10-31', '08:00:00.000000', '17:00:00.000000'),
(305, 10004, '2022-11-01', '12:00:00.000000', '00:00:00.000000'),
(306, 10004, '2022-11-02', '08:00:00.000000', '17:00:00.000000'),
(307, 10004, '2022-11-03', '08:00:00.000000', '17:00:00.000000'),
(308, 10004, '2022-11-04', '08:00:00.000000', '17:00:00.000000'),
(309, 10004, '2022-11-07', '08:00:00.000000', '17:00:00.000000'),
(310, 10004, '2022-11-08', '08:00:00.000000', '17:00:00.000000'),
(311, 10004, '2022-11-09', '08:00:00.000000', '17:00:00.000000'),
(312, 10004, '2022-11-10', '08:00:00.000000', '17:00:00.000000'),
(313, 10004, '2022-11-11', '08:00:00.000000', '17:00:00.000000'),
(314, 10004, '2022-11-14', '08:00:00.000000', '17:00:00.000000'),
(315, 10004, '2022-11-15', '08:00:00.000000', '17:00:00.000000'),
(316, 10004, '2022-11-16', '08:00:00.000000', '17:00:00.000000'),
(317, 10004, '2022-11-17', '08:00:00.000000', '17:00:00.000000'),
(318, 10004, '2022-11-18', '08:00:00.000000', '17:00:00.000000'),
(319, 10004, '2022-11-21', '08:00:00.000000', '17:00:00.000000'),
(320, 10004, '2022-11-22', '08:00:00.000000', '17:00:00.000000'),
(321, 10004, '2022-11-23', '08:00:00.000000', '17:00:00.000000'),
(322, 10004, '2022-11-24', '08:00:00.000000', '17:00:00.000000'),
(323, 10004, '2022-11-25', '08:00:00.000000', '17:00:00.000000'),
(324, 10004, '2022-11-28', '08:00:00.000000', '17:00:00.000000'),
(325, 10004, '2022-11-29', '08:00:00.000000', '17:00:00.000000'),
(326, 10004, '2022-11-30', '12:00:00.000000', '00:00:00.000000'),
(327, 10004, '2022-12-01', '08:00:00.000000', '17:00:00.000000'),
(328, 10004, '2022-12-02', '08:00:00.000000', '17:00:00.000000'),
(329, 10004, '2022-12-05', '08:00:00.000000', '17:00:00.000000'),
(330, 10004, '2022-12-06', '08:00:00.000000', '17:00:00.000000'),
(331, 10004, '2022-12-07', '08:00:00.000000', '17:00:00.000000'),
(332, 10004, '2022-12-08', '12:00:00.000000', '00:00:00.000000'),
(333, 10004, '2022-12-09', '08:00:00.000000', '17:00:00.000000'),
(334, 10004, '2022-12-12', '08:00:00.000000', '17:00:00.000000'),
(335, 10004, '2022-12-13', '08:00:00.000000', '17:00:00.000000'),
(336, 10004, '2022-12-14', '08:00:00.000000', '17:00:00.000000'),
(337, 10004, '2022-12-15', '12:00:00.000000', '00:00:00.000000'),
(338, 10004, '2022-12-16', '12:00:00.000000', '00:00:00.000000'),
(339, 10004, '2022-12-19', '12:00:00.000000', '00:00:00.000000'),
(340, 10004, '2022-12-20', '12:00:00.000000', '00:00:00.000000'),
(341, 10004, '2022-12-21', '12:00:00.000000', '00:00:00.000000'),
(342, 10004, '2022-12-22', '12:00:00.000000', '00:00:00.000000'),
(343, 10004, '2022-12-23', '12:00:00.000000', '00:00:00.000000'),
(344, 10004, '2022-12-26', '12:00:00.000000', '00:00:00.000000'),
(345, 10004, '2022-12-27', '12:00:00.000000', '00:00:00.000000'),
(346, 10004, '2022-12-28', '12:00:00.000000', '00:00:00.000000'),
(347, 10004, '2022-12-29', '12:00:00.000000', '00:00:00.000000'),
(348, 10004, '2022-12-30', '12:00:00.000000', '00:00:00.000000'),
(349, 10005, '2022-09-01', '08:00:00.000000', '17:00:00.000000'),
(350, 10005, '2022-09-02', '08:00:00.000000', '17:00:00.000000'),
(351, 10005, '2022-09-05', '08:15:00.000000', '17:00:00.000000'),
(352, 10005, '2022-09-06', '08:00:00.000000', '17:00:00.000000'),
(353, 10005, '2022-09-07', '08:00:00.000000', '17:00:00.000000'),
(354, 10005, '2022-09-08', '08:00:00.000000', '17:00:00.000000'),
(355, 10005, '2022-09-09', '08:00:00.000000', '17:00:00.000000'),
(356, 10005, '2022-09-12', '08:00:00.000000', '17:00:00.000000'),
(357, 10005, '2022-09-13', '08:00:00.000000', '17:00:00.000000'),
(358, 10005, '2022-09-14', '08:15:00.000000', '17:00:00.000000'),
(359, 10005, '2022-09-15', '08:00:00.000000', '17:00:00.000000'),
(360, 10005, '2022-09-16', '08:00:00.000000', '17:00:00.000000'),
(361, 10005, '2022-09-19', '08:00:00.000000', '17:00:00.000000'),
(362, 10005, '2022-09-20', '08:00:00.000000', '17:00:00.000000'),
(363, 10005, '2022-09-21', '08:00:00.000000', '17:00:00.000000'),
(364, 10005, '2022-09-22', '08:00:00.000000', '17:00:00.000000'),
(365, 10005, '2022-09-23', '08:15:00.000000', '17:00:00.000000'),
(366, 10005, '2022-09-26', '08:00:00.000000', '17:00:00.000000'),
(367, 10005, '2022-09-27', '08:00:00.000000', '17:00:00.000000'),
(368, 10005, '2022-09-28', '08:00:00.000000', '17:00:00.000000'),
(369, 10005, '2022-09-29', '08:00:00.000000', '17:00:00.000000'),
(370, 10005, '2022-09-30', '08:00:00.000000', '17:00:00.000000'),
(371, 10005, '2022-10-03', '08:00:00.000000', '17:00:00.000000'),
(372, 10005, '2022-10-04', '08:15:00.000000', '17:00:00.000000'),
(373, 10005, '2022-10-05', '08:00:00.000000', '17:00:00.000000'),
(374, 10005, '2022-10-06', '08:00:00.000000', '17:00:00.000000'),
(375, 10005, '2022-10-07', '08:00:00.000000', '17:00:00.000000'),
(376, 10005, '2022-10-10', '08:00:00.000000', '17:00:00.000000'),
(377, 10005, '2022-10-11', '08:00:00.000000', '17:00:00.000000'),
(378, 10005, '2022-10-12', '08:00:00.000000', '17:00:00.000000'),
(379, 10005, '2022-10-13', '08:15:00.000000', '17:00:00.000000'),
(380, 10005, '2022-10-14', '08:00:00.000000', '17:00:00.000000'),
(381, 10005, '2022-10-17', '08:00:00.000000', '17:00:00.000000'),
(382, 10005, '2022-10-18', '08:00:00.000000', '17:00:00.000000'),
(383, 10005, '2022-10-19', '08:00:00.000000', '17:00:00.000000'),
(384, 10005, '2022-10-20', '08:00:00.000000', '17:00:00.000000'),
(385, 10005, '2022-10-21', '08:00:00.000000', '17:00:00.000000'),
(386, 10005, '2022-10-24', '08:15:00.000000', '17:00:00.000000'),
(387, 10005, '2022-10-25', '08:00:00.000000', '17:00:00.000000'),
(388, 10005, '2022-10-26', '08:00:00.000000', '17:00:00.000000'),
(389, 10005, '2022-10-27', '08:00:00.000000', '17:00:00.000000'),
(390, 10005, '2022-10-28', '08:00:00.000000', '17:00:00.000000'),
(391, 10005, '2022-10-31', '08:00:00.000000', '17:00:00.000000'),
(392, 10005, '2022-11-01', '12:00:00.000000', '00:00:00.000000'),
(393, 10005, '2022-11-02', '08:15:00.000000', '17:00:00.000000'),
(394, 10005, '2022-11-03', '08:00:00.000000', '17:00:00.000000'),
(395, 10005, '2022-11-04', '08:00:00.000000', '17:00:00.000000'),
(396, 10005, '2022-11-07', '08:00:00.000000', '17:00:00.000000'),
(397, 10005, '2022-11-08', '08:00:00.000000', '17:00:00.000000'),
(398, 10005, '2022-11-09', '08:00:00.000000', '17:00:00.000000'),
(399, 10005, '2022-11-10', '08:00:00.000000', '17:00:00.000000'),
(400, 10005, '2022-11-11', '08:15:00.000000', '17:00:00.000000'),
(401, 10005, '2022-11-14', '08:00:00.000000', '17:00:00.000000'),
(402, 10005, '2022-11-15', '08:00:00.000000', '17:00:00.000000'),
(403, 10005, '2022-11-16', '08:00:00.000000', '17:00:00.000000'),
(404, 10005, '2022-11-17', '08:00:00.000000', '17:00:00.000000'),
(405, 10005, '2022-11-18', '08:00:00.000000', '17:00:00.000000'),
(406, 10005, '2022-11-21', '08:00:00.000000', '17:00:00.000000'),
(407, 10005, '2022-11-22', '08:15:00.000000', '17:00:00.000000'),
(408, 10005, '2022-11-23', '08:00:00.000000', '17:00:00.000000'),
(409, 10005, '2022-11-24', '08:00:00.000000', '17:00:00.000000'),
(410, 10005, '2022-11-25', '08:00:00.000000', '17:00:00.000000'),
(411, 10005, '2022-11-28', '08:00:00.000000', '17:00:00.000000'),
(412, 10005, '2022-11-29', '08:00:00.000000', '17:00:00.000000'),
(413, 10005, '2022-11-30', '12:00:00.000000', '00:00:00.000000'),
(414, 10005, '2022-12-01', '08:15:00.000000', '17:00:00.000000'),
(415, 10005, '2022-12-02', '08:00:00.000000', '17:00:00.000000'),
(416, 10005, '2022-12-05', '08:00:00.000000', '17:00:00.000000'),
(417, 10005, '2022-12-06', '08:00:00.000000', '17:00:00.000000'),
(418, 10005, '2022-12-07', '08:00:00.000000', '17:00:00.000000'),
(419, 10005, '2022-12-08', '12:00:00.000000', '00:00:00.000000'),
(420, 10005, '2022-12-09', '08:00:00.000000', '17:00:00.000000'),
(421, 10005, '2022-12-12', '08:15:00.000000', '17:00:00.000000'),
(422, 10005, '2022-12-13', '08:00:00.000000', '17:00:00.000000'),
(423, 10005, '2022-12-14', '08:00:00.000000', '17:00:00.000000'),
(424, 10005, '2022-12-15', '12:00:00.000000', '00:00:00.000000'),
(425, 10005, '2022-12-16', '12:00:00.000000', '00:00:00.000000'),
(426, 10005, '2022-12-19', '12:00:00.000000', '00:00:00.000000'),
(427, 10005, '2022-12-20', '12:00:00.000000', '00:00:00.000000'),
(428, 10005, '2022-12-21', '12:00:00.000000', '00:00:00.000000'),
(429, 10005, '2022-12-22', '12:00:00.000000', '00:00:00.000000'),
(430, 10005, '2022-12-23', '12:00:00.000000', '00:00:00.000000'),
(431, 10005, '2022-12-26', '12:00:00.000000', '00:00:00.000000'),
(432, 10005, '2022-12-27', '12:00:00.000000', '00:00:00.000000'),
(433, 10005, '2022-12-28', '12:00:00.000000', '00:00:00.000000'),
(434, 10005, '2022-12-29', '12:00:00.000000', '00:00:00.000000'),
(435, 10005, '2022-12-30', '12:00:00.000000', '00:00:00.000000'),
(436, 10006, '2022-09-01', '08:00:00.000000', '17:00:00.000000'),
(437, 10006, '2022-09-02', '08:00:00.000000', '17:00:00.000000'),
(438, 10006, '2022-09-05', '08:00:00.000000', '17:00:00.000000'),
(439, 10006, '2022-09-06', '08:00:00.000000', '17:00:00.000000'),
(440, 10006, '2022-09-07', '08:00:00.000000', '17:00:00.000000'),
(441, 10006, '2022-09-08', '08:00:00.000000', '17:00:00.000000'),
(442, 10006, '2022-09-09', '08:00:00.000000', '17:00:00.000000'),
(443, 10006, '2022-09-12', '08:00:00.000000', '17:00:00.000000'),
(444, 10006, '2022-09-13', '08:00:00.000000', '17:00:00.000000'),
(445, 10006, '2022-09-14', '08:00:00.000000', '17:00:00.000000'),
(446, 10006, '2022-09-15', '08:00:00.000000', '17:00:00.000000'),
(447, 10006, '2022-09-16', '08:00:00.000000', '17:00:00.000000'),
(448, 10006, '2022-09-19', '08:00:00.000000', '17:00:00.000000'),
(449, 10006, '2022-09-20', '08:00:00.000000', '17:00:00.000000'),
(450, 10006, '2022-09-21', '08:00:00.000000', '17:00:00.000000'),
(451, 10006, '2022-09-22', '08:00:00.000000', '17:00:00.000000'),
(452, 10006, '2022-09-23', '08:00:00.000000', '17:00:00.000000'),
(453, 10006, '2022-09-26', '08:00:00.000000', '17:00:00.000000'),
(454, 10006, '2022-09-27', '08:00:00.000000', '17:00:00.000000'),
(455, 10006, '2022-09-28', '08:00:00.000000', '17:00:00.000000'),
(456, 10006, '2022-09-29', '08:00:00.000000', '17:00:00.000000'),
(457, 10006, '2022-09-30', '08:00:00.000000', '17:00:00.000000'),
(458, 10006, '2022-10-03', '08:00:00.000000', '17:00:00.000000'),
(459, 10006, '2022-10-04', '08:00:00.000000', '17:00:00.000000'),
(460, 10006, '2022-10-05', '08:00:00.000000', '17:00:00.000000'),
(461, 10006, '2022-10-06', '08:00:00.000000', '17:00:00.000000'),
(462, 10006, '2022-10-07', '08:00:00.000000', '17:00:00.000000'),
(463, 10006, '2022-10-10', '08:00:00.000000', '17:00:00.000000'),
(464, 10006, '2022-10-10', '08:00:00.000000', '17:00:00.000000'),
(465, 10006, '2022-12-10', '08:00:00.000000', '17:00:00.000000'),
(466, 10006, '2022-10-13', '08:00:00.000000', '17:00:00.000000'),
(467, 10006, '2022-10-14', '08:00:00.000000', '17:00:00.000000'),
(468, 10006, '2022-10-17', '08:00:00.000000', '17:00:00.000000'),
(469, 10006, '2022-10-18', '08:00:00.000000', '17:00:00.000000'),
(470, 10006, '2022-10-19', '08:00:00.000000', '17:00:00.000000'),
(471, 10006, '2022-10-20', '08:00:00.000000', '17:00:00.000000'),
(472, 10006, '2022-10-21', '08:00:00.000000', '17:00:00.000000'),
(473, 10006, '2022-10-24', '08:00:00.000000', '17:00:00.000000'),
(474, 10006, '2022-10-25', '08:00:00.000000', '17:00:00.000000'),
(475, 10006, '2022-10-26', '08:00:00.000000', '17:00:00.000000'),
(476, 10006, '2022-10-27', '08:00:00.000000', '17:00:00.000000'),
(477, 10006, '2022-10-28', '08:00:00.000000', '17:00:00.000000'),
(478, 10006, '2022-10-31', '08:00:00.000000', '17:00:00.000000'),
(479, 10006, '2022-11-01', '12:00:00.000000', '00:00:00.000000'),
(480, 10006, '2022-11-02', '08:00:00.000000', '17:00:00.000000'),
(481, 10006, '2022-11-03', '08:00:00.000000', '17:00:00.000000'),
(482, 10006, '2022-11-04', '08:00:00.000000', '17:00:00.000000'),
(483, 10006, '2022-11-07', '08:00:00.000000', '17:00:00.000000'),
(484, 10006, '2022-11-08', '08:00:00.000000', '17:00:00.000000'),
(485, 10006, '2022-11-09', '08:00:00.000000', '17:00:00.000000'),
(486, 10006, '2022-11-10', '08:00:00.000000', '17:00:00.000000'),
(487, 10006, '2022-11-11', '08:00:00.000000', '17:00:00.000000'),
(488, 10006, '2022-11-14', '08:00:00.000000', '17:00:00.000000'),
(489, 10006, '2022-11-15', '08:00:00.000000', '17:00:00.000000'),
(490, 10006, '2022-11-16', '08:00:00.000000', '17:00:00.000000'),
(491, 10006, '2022-11-17', '08:00:00.000000', '17:00:00.000000'),
(492, 10006, '2022-11-18', '08:00:00.000000', '17:00:00.000000'),
(493, 10006, '2022-11-21', '08:00:00.000000', '17:00:00.000000'),
(494, 10006, '2022-11-22', '08:00:00.000000', '17:00:00.000000'),
(495, 10006, '2022-11-23', '08:00:00.000000', '17:00:00.000000'),
(496, 10006, '2022-11-24', '08:00:00.000000', '17:00:00.000000'),
(497, 10006, '2022-11-25', '08:00:00.000000', '17:00:00.000000'),
(498, 10006, '2022-11-28', '08:00:00.000000', '17:00:00.000000'),
(499, 10006, '2022-11-29', '08:00:00.000000', '17:00:00.000000'),
(500, 10006, '2022-11-30', '12:00:00.000000', '00:00:00.000000'),
(501, 10006, '2022-12-01', '08:00:00.000000', '17:00:00.000000'),
(502, 10006, '2022-12-02', '08:00:00.000000', '17:00:00.000000'),
(503, 10006, '2022-12-05', '08:00:00.000000', '17:00:00.000000'),
(504, 10006, '2022-12-06', '08:00:00.000000', '17:00:00.000000'),
(505, 10006, '2022-12-07', '08:00:00.000000', '17:00:00.000000'),
(506, 10006, '2022-12-08', '12:00:00.000000', '00:00:00.000000'),
(507, 10006, '2022-12-09', '08:00:00.000000', '17:00:00.000000'),
(508, 10006, '2022-12-12', '08:00:00.000000', '17:00:00.000000'),
(509, 10006, '2022-12-13', '08:00:00.000000', '17:00:00.000000'),
(510, 10006, '2022-12-14', '08:00:00.000000', '17:00:00.000000'),
(511, 10006, '2022-12-15', '12:00:00.000000', '00:00:00.000000'),
(512, 10006, '2022-12-16', '12:00:00.000000', '00:00:00.000000'),
(513, 10006, '2022-12-19', '12:00:00.000000', '00:00:00.000000'),
(514, 10006, '2022-12-20', '12:00:00.000000', '00:00:00.000000'),
(515, 10006, '2022-12-21', '12:00:00.000000', '00:00:00.000000'),
(516, 10006, '2022-12-22', '12:00:00.000000', '00:00:00.000000'),
(517, 10006, '2022-12-23', '12:00:00.000000', '00:00:00.000000'),
(518, 10006, '2022-12-26', '12:00:00.000000', '00:00:00.000000'),
(519, 10006, '2022-12-27', '12:00:00.000000', '00:00:00.000000'),
(520, 10006, '2022-12-28', '12:00:00.000000', '00:00:00.000000'),
(521, 10006, '2022-12-29', '12:00:00.000000', '00:00:00.000000'),
(522, 10006, '2022-12-30', '12:00:00.000000', '00:00:00.000000'),
(523, 10007, '2022-09-01', '08:27:00.000000', '17:00:00.000000'),
(524, 10007, '2022-09-02', '08:00:00.000000', '17:00:00.000000'),
(525, 10007, '2022-09-05', '08:00:00.000000', '17:00:00.000000'),
(526, 10007, '2022-09-06', '08:00:00.000000', '17:00:00.000000'),
(527, 10007, '2022-09-07', '08:00:00.000000', '17:00:00.000000'),
(528, 10007, '2022-09-08', '08:00:00.000000', '17:00:00.000000'),
(529, 10007, '2022-09-09', '08:00:00.000000', '17:00:00.000000'),
(530, 10007, '2022-09-12', '08:27:00.000000', '17:00:00.000000'),
(531, 10007, '2022-09-13', '08:00:00.000000', '17:00:00.000000'),
(532, 10007, '2022-09-14', '08:00:00.000000', '17:00:00.000000'),
(533, 10007, '2022-09-15', '08:00:00.000000', '17:00:00.000000'),
(534, 10007, '2022-09-16', '08:00:00.000000', '17:00:00.000000'),
(535, 10007, '2022-09-19', '08:00:00.000000', '17:00:00.000000'),
(536, 10007, '2022-09-20', '08:00:00.000000', '17:00:00.000000'),
(537, 10007, '2022-09-21', '08:27:00.000000', '17:00:00.000000'),
(538, 10007, '2022-09-22', '08:00:00.000000', '17:00:00.000000'),
(539, 10007, '2022-09-23', '08:00:00.000000', '17:00:00.000000'),
(540, 10007, '2022-09-26', '08:00:00.000000', '17:00:00.000000'),
(541, 10007, '2022-09-27', '08:00:00.000000', '17:00:00.000000'),
(542, 10007, '2022-09-28', '08:00:00.000000', '17:00:00.000000'),
(543, 10007, '2022-09-29', '08:00:00.000000', '17:00:00.000000'),
(544, 10007, '2022-09-30', '08:27:00.000000', '17:00:00.000000'),
(545, 10007, '2022-10-03', '08:00:00.000000', '17:00:00.000000'),
(546, 10007, '2022-10-04', '08:00:00.000000', '17:00:00.000000'),
(547, 10007, '2022-10-05', '08:00:00.000000', '17:00:00.000000'),
(548, 10007, '2022-10-06', '08:00:00.000000', '17:00:00.000000'),
(549, 10007, '2022-10-07', '08:00:00.000000', '17:00:00.000000'),
(550, 10007, '2022-10-10', '08:00:00.000000', '17:00:00.000000'),
(551, 10007, '2022-10-11', '08:27:00.000000', '17:00:00.000000'),
(552, 10007, '2022-10-12', '08:00:00.000000', '17:00:00.000000'),
(553, 10007, '2022-10-13', '08:00:00.000000', '17:00:00.000000'),
(554, 10007, '2022-10-14', '08:00:00.000000', '17:00:00.000000'),
(555, 10007, '2022-10-17', '08:00:00.000000', '17:00:00.000000'),
(556, 10007, '2022-10-18', '08:00:00.000000', '17:00:00.000000'),
(557, 10007, '2022-10-19', '08:00:00.000000', '17:00:00.000000'),
(558, 10007, '2022-10-20', '08:27:00.000000', '17:00:00.000000'),
(559, 10007, '2022-10-21', '08:00:00.000000', '17:00:00.000000'),
(560, 10007, '2022-10-24', '08:00:00.000000', '17:00:00.000000'),
(561, 10007, '2022-10-25', '08:00:00.000000', '17:00:00.000000'),
(562, 10007, '2022-10-26', '08:00:00.000000', '17:00:00.000000'),
(563, 10007, '2022-10-27', '08:00:00.000000', '17:00:00.000000'),
(564, 10007, '2022-10-28', '08:00:00.000000', '17:00:00.000000'),
(565, 10007, '2022-10-31', '08:27:00.000000', '17:00:00.000000'),
(566, 10007, '2022-11-01', '12:00:00.000000', '00:00:00.000000'),
(567, 10007, '2022-11-02', '08:00:00.000000', '17:00:00.000000'),
(568, 10007, '2022-11-03', '08:00:00.000000', '17:00:00.000000'),
(569, 10007, '2022-11-04', '08:00:00.000000', '17:00:00.000000'),
(570, 10007, '2022-11-07', '08:00:00.000000', '17:00:00.000000'),
(571, 10007, '2022-11-08', '08:00:00.000000', '17:00:00.000000'),
(572, 10007, '2022-11-09', '08:27:00.000000', '17:00:00.000000'),
(573, 10007, '2022-11-10', '08:00:00.000000', '17:00:00.000000'),
(574, 10007, '2022-11-11', '08:00:00.000000', '17:00:00.000000'),
(575, 10007, '2022-11-14', '08:00:00.000000', '17:00:00.000000'),
(576, 10007, '2022-11-15', '08:00:00.000000', '17:00:00.000000'),
(577, 10007, '2022-11-16', '08:00:00.000000', '17:00:00.000000'),
(578, 10007, '2022-11-17', '08:00:00.000000', '17:00:00.000000'),
(579, 10007, '2022-11-18', '08:27:00.000000', '17:00:00.000000'),
(580, 10007, '2022-11-21', '08:00:00.000000', '17:00:00.000000'),
(581, 10007, '2022-11-22', '08:00:00.000000', '17:00:00.000000'),
(582, 10007, '2022-11-23', '08:00:00.000000', '17:00:00.000000'),
(583, 10007, '2022-11-24', '08:00:00.000000', '17:00:00.000000'),
(584, 10007, '2022-11-25', '08:00:00.000000', '17:00:00.000000'),
(585, 10007, '2022-11-28', '08:00:00.000000', '17:00:00.000000'),
(586, 10007, '2022-11-29', '08:27:00.000000', '17:00:00.000000'),
(587, 10007, '2022-11-30', '12:00:00.000000', '00:00:00.000000'),
(588, 10007, '2022-12-01', '08:00:00.000000', '17:00:00.000000'),
(589, 10007, '2022-12-02', '08:00:00.000000', '17:00:00.000000'),
(590, 10007, '2022-12-05', '08:00:00.000000', '17:00:00.000000'),
(591, 10007, '2022-12-06', '08:00:00.000000', '17:00:00.000000'),
(592, 10007, '2022-12-07', '08:00:00.000000', '17:00:00.000000'),
(593, 10007, '2022-12-08', '12:00:00.000000', '00:00:00.000000'),
(594, 10007, '2022-12-09', '08:00:00.000000', '17:00:00.000000'),
(595, 10007, '2022-12-12', '08:00:00.000000', '17:00:00.000000'),
(596, 10007, '2022-12-13', '08:00:00.000000', '17:00:00.000000'),
(597, 10007, '2022-12-14', '08:00:00.000000', '17:00:00.000000'),
(598, 10007, '2022-12-15', '08:00:00.000000', '17:00:00.000000'),
(599, 10007, '2022-12-16', '08:00:00.000000', '17:00:00.000000'),
(600, 10007, '2022-12-19', '08:27:00.000000', '17:00:00.000000'),
(601, 10007, '2022-12-20', '08:00:00.000000', '17:00:00.000000'),
(602, 10007, '2022-12-21', '08:00:00.000000', '17:00:00.000000'),
(603, 10007, '2022-12-22', '08:00:00.000000', '17:00:00.000000'),
(604, 10007, '2022-12-23', '08:00:00.000000', '17:00:00.000000'),
(605, 10007, '2022-12-26', '08:00:00.000000', '17:00:00.000000'),
(606, 10007, '2022-12-27', '08:00:00.000000', '17:00:00.000000'),
(607, 10007, '2022-12-28', '08:27:00.000000', '17:00:00.000000'),
(608, 10007, '2022-12-29', '08:00:00.000000', '17:00:00.000000'),
(609, 10007, '2022-12-30', '12:00:00.000000', '00:00:00.000000'),
(610, 10008, '2022-09-01', '08:01:00.000000', '17:00:00.000000'),
(611, 10008, '2022-09-02', '08:00:00.000000', '17:00:00.000000'),
(612, 10008, '2022-09-05', '08:00:00.000000', '17:00:00.000000'),
(613, 10008, '2022-09-06', '08:10:00.000000', '17:00:00.000000'),
(614, 10008, '2022-09-07', '08:00:00.000000', '17:00:00.000000'),
(615, 10008, '2022-09-08', '08:00:00.000000', '17:00:00.000000'),
(616, 10008, '2022-09-09', '08:00:00.000000', '17:00:00.000000'),
(617, 10008, '2022-09-12', '08:01:00.000000', '17:00:00.000000'),
(618, 10008, '2022-09-13', '08:00:00.000000', '17:00:00.000000'),
(619, 10008, '2022-09-14', '08:00:00.000000', '17:00:00.000000'),
(620, 10008, '2022-09-15', '08:10:00.000000', '17:00:00.000000'),
(621, 10008, '2022-09-16', '08:00:00.000000', '17:00:00.000000'),
(622, 10008, '2022-09-19', '08:00:00.000000', '17:00:00.000000'),
(623, 10008, '2022-09-20', '08:00:00.000000', '17:00:00.000000'),
(624, 10008, '2022-09-21', '08:01:00.000000', '17:00:00.000000'),
(625, 10008, '2022-09-22', '08:00:00.000000', '17:00:00.000000'),
(626, 10008, '2022-09-23', '08:00:00.000000', '17:00:00.000000'),
(627, 10008, '2022-09-26', '08:10:00.000000', '17:00:00.000000'),
(628, 10008, '2022-09-27', '08:00:00.000000', '17:00:00.000000'),
(629, 10008, '2022-09-28', '08:00:00.000000', '17:00:00.000000'),
(630, 10008, '2022-09-29', '08:00:00.000000', '17:00:00.000000'),
(631, 10008, '2022-09-30', '08:01:00.000000', '17:00:00.000000'),
(632, 10008, '2022-10-03', '08:00:00.000000', '17:00:00.000000'),
(633, 10008, '2022-10-04', '08:00:00.000000', '17:00:00.000000'),
(634, 10008, '2022-10-05', '08:10:00.000000', '17:00:00.000000'),
(635, 10008, '2022-10-06', '08:00:00.000000', '17:00:00.000000'),
(636, 10008, '2022-10-07', '08:00:00.000000', '17:00:00.000000'),
(637, 10008, '2022-10-10', '08:00:00.000000', '17:00:00.000000'),
(638, 10008, '2022-10-11', '08:01:00.000000', '17:00:00.000000'),
(639, 10008, '2022-10-12', '08:00:00.000000', '17:00:00.000000'),
(640, 10008, '2022-10-13', '08:00:00.000000', '17:00:00.000000'),
(641, 10008, '2022-10-14', '08:10:00.000000', '17:00:00.000000'),
(642, 10008, '2022-10-17', '08:00:00.000000', '17:00:00.000000'),
(643, 10008, '2022-10-18', '08:00:00.000000', '17:00:00.000000'),
(644, 10008, '2022-10-19', '08:00:00.000000', '17:00:00.000000'),
(645, 10008, '2022-10-20', '08:01:00.000000', '17:00:00.000000'),
(646, 10008, '2022-10-21', '08:00:00.000000', '17:00:00.000000'),
(647, 10008, '2022-10-24', '08:00:00.000000', '17:00:00.000000'),
(648, 10008, '2022-10-25', '08:10:00.000000', '17:00:00.000000'),
(649, 10008, '2022-10-26', '08:00:00.000000', '17:00:00.000000'),
(650, 10008, '2022-10-27', '08:00:00.000000', '17:00:00.000000'),
(651, 10008, '2022-10-28', '08:00:00.000000', '17:00:00.000000'),
(652, 10008, '2022-10-31', '08:01:00.000000', '17:00:00.000000'),
(653, 10008, '2022-11-01', '12:00:00.000000', '00:00:00.000000'),
(654, 10008, '2022-11-02', '08:00:00.000000', '17:00:00.000000'),
(655, 10008, '2022-11-03', '08:10:00.000000', '17:00:00.000000'),
(656, 10008, '2022-11-04', '08:00:00.000000', '17:00:00.000000'),
(657, 10008, '2022-11-07', '08:00:00.000000', '17:00:00.000000'),
(658, 10008, '2022-11-08', '08:00:00.000000', '17:00:00.000000'),
(659, 10008, '2022-11-09', '08:01:00.000000', '17:00:00.000000'),
(660, 10008, '2022-11-10', '08:00:00.000000', '17:00:00.000000'),
(661, 10008, '2022-11-11', '08:00:00.000000', '17:00:00.000000'),
(662, 10008, '2022-11-14', '08:10:00.000000', '17:00:00.000000'),
(663, 10008, '2022-11-15', '08:00:00.000000', '17:00:00.000000'),
(664, 10008, '2022-11-16', '08:00:00.000000', '17:00:00.000000'),
(665, 10008, '2022-11-17', '08:00:00.000000', '17:00:00.000000'),
(666, 10008, '2022-11-18', '08:01:00.000000', '17:00:00.000000'),
(667, 10008, '2022-11-21', '08:00:00.000000', '17:00:00.000000'),
(668, 10008, '2022-11-22', '08:00:00.000000', '17:00:00.000000'),
(669, 10008, '2022-11-23', '08:10:00.000000', '17:00:00.000000'),
(670, 10008, '2022-11-24', '08:00:00.000000', '17:00:00.000000'),
(671, 10008, '2022-11-25', '08:00:00.000000', '17:00:00.000000'),
(672, 10008, '2022-11-28', '08:00:00.000000', '17:00:00.000000'),
(673, 10008, '2022-11-29', '08:01:00.000000', '17:00:00.000000'),
(674, 10008, '2022-11-30', '12:00:00.000000', '00:00:00.000000'),
(675, 10008, '2022-12-01', '08:00:00.000000', '17:00:00.000000'),
(676, 10008, '2022-12-02', '08:10:00.000000', '17:00:00.000000'),
(677, 10008, '2022-12-05', '08:00:00.000000', '17:00:00.000000'),
(678, 10008, '2022-12-06', '08:00:00.000000', '17:00:00.000000'),
(679, 10008, '2022-12-07', '08:00:00.000000', '17:00:00.000000'),
(680, 10008, '2022-12-08', '12:00:00.000000', '00:00:00.000000'),
(681, 10008, '2022-12-09', '08:00:00.000000', '17:00:00.000000'),
(682, 10008, '2022-12-12', '08:00:00.000000', '17:00:00.000000'),
(683, 10008, '2022-12-13', '08:10:00.000000', '17:00:00.000000'),
(684, 10008, '2022-12-14', '08:00:00.000000', '17:00:00.000000'),
(685, 10008, '2022-12-15', '08:00:00.000000', '17:00:00.000000'),
(686, 10008, '2022-12-16', '08:00:00.000000', '17:00:00.000000'),
(687, 10008, '2022-12-19', '08:01:00.000000', '17:00:00.000000'),
(688, 10008, '2022-12-20', '08:00:00.000000', '17:00:00.000000'),
(689, 10008, '2022-12-21', '08:00:00.000000', '17:00:00.000000'),
(690, 10008, '2022-12-22', '08:10:00.000000', '17:00:00.000000'),
(691, 10008, '2022-12-23', '08:00:00.000000', '17:00:00.000000'),
(692, 10008, '2022-12-26', '08:00:00.000000', '17:00:00.000000'),
(693, 10008, '2022-12-27', '08:00:00.000000', '17:00:00.000000'),
(694, 10008, '2022-12-28', '08:01:00.000000', '17:00:00.000000'),
(695, 10008, '2022-12-29', '08:00:00.000000', '17:00:00.000000'),
(696, 10008, '2022-12-30', '12:00:00.000000', '00:00:00.000000'),
(697, 10009, '2022-09-01', '08:05:00.000000', '17:00:00.000000'),
(698, 10009, '2022-09-02', '08:00:00.000000', '17:00:00.000000'),
(699, 10009, '2022-09-05', '08:00:00.000000', '17:00:00.000000'),
(700, 10009, '2022-09-06', '12:00:00.000000', '00:00:00.000000'),
(701, 10009, '2022-09-07', '12:00:00.000000', '00:00:00.000000'),
(702, 10009, '2022-09-08', '12:00:00.000000', '00:00:00.000000'),
(703, 10009, '2022-09-09', '12:00:00.000000', '00:00:00.000000'),
(704, 10009, '2022-09-12', '12:00:00.000000', '00:00:00.000000'),
(705, 10009, '2022-09-13', '08:00:00.000000', '17:00:00.000000'),
(706, 10009, '2022-09-14', '08:00:00.000000', '17:00:00.000000'),
(707, 10009, '2022-09-15', '08:00:00.000000', '17:00:00.000000'),
(708, 10009, '2022-09-16', '08:00:00.000000', '17:00:00.000000'),
(709, 10009, '2022-09-19', '08:00:00.000000', '17:00:00.000000'),
(710, 10009, '2022-09-20', '08:00:00.000000', '17:00:00.000000'),
(711, 10009, '2022-09-21', '08:05:00.000000', '17:00:00.000000'),
(712, 10009, '2022-09-22', '08:00:00.000000', '17:00:00.000000'),
(713, 10009, '2022-09-23', '08:00:00.000000', '17:00:00.000000'),
(714, 10009, '2022-09-26', '08:00:00.000000', '17:00:00.000000'),
(715, 10009, '2022-09-27', '08:00:00.000000', '17:00:00.000000'),
(716, 10009, '2022-09-28', '08:00:00.000000', '17:00:00.000000'),
(717, 10009, '2022-09-29', '08:00:00.000000', '17:00:00.000000'),
(718, 10009, '2022-09-30', '08:05:00.000000', '17:00:00.000000'),
(719, 10009, '2022-10-03', '08:00:00.000000', '17:00:00.000000'),
(720, 10009, '2022-10-04', '08:00:00.000000', '17:00:00.000000'),
(721, 10009, '2022-10-05', '12:00:00.000000', '00:00:00.000000'),
(722, 10009, '2022-10-06', '08:00:00.000000', '17:00:00.000000'),
(723, 10009, '2022-10-07', '08:00:00.000000', '17:00:00.000000'),
(724, 10009, '2022-10-10', '08:00:00.000000', '17:00:00.000000'),
(725, 10009, '2022-10-11', '08:05:00.000000', '17:00:00.000000'),
(726, 10009, '2022-10-12', '08:00:00.000000', '17:00:00.000000'),
(727, 10009, '2022-10-13', '08:00:00.000000', '17:00:00.000000'),
(728, 10009, '2022-10-14', '08:00:00.000000', '17:00:00.000000'),
(729, 10009, '2022-10-17', '08:00:00.000000', '17:00:00.000000'),
(730, 10009, '2022-10-18', '08:00:00.000000', '17:00:00.000000'),
(731, 10009, '2022-10-19', '08:00:00.000000', '17:00:00.000000'),
(732, 10009, '2022-10-20', '08:05:00.000000', '17:00:00.000000'),
(733, 10009, '2022-10-21', '08:00:00.000000', '17:00:00.000000'),
(734, 10009, '2022-10-24', '08:00:00.000000', '17:00:00.000000'),
(735, 10009, '2022-10-25', '08:00:00.000000', '17:00:00.000000'),
(736, 10009, '2022-10-26', '08:00:00.000000', '17:00:00.000000'),
(737, 10009, '2022-10-27', '08:00:00.000000', '17:00:00.000000'),
(738, 10009, '2022-10-28', '08:00:00.000000', '17:00:00.000000'),
(739, 10009, '2022-10-31', '08:05:00.000000', '17:00:00.000000'),
(740, 10009, '2022-11-01', '12:00:00.000000', '00:00:00.000000'),
(741, 10009, '2022-11-02', '08:00:00.000000', '17:00:00.000000'),
(742, 10009, '2022-11-03', '08:00:00.000000', '17:00:00.000000'),
(743, 10009, '2022-11-04', '08:00:00.000000', '17:00:00.000000'),
(744, 10009, '2022-11-07', '08:00:00.000000', '17:00:00.000000'),
(745, 10009, '2022-11-08', '08:00:00.000000', '17:00:00.000000'),
(746, 10009, '2022-11-09', '08:05:00.000000', '17:00:00.000000'),
(747, 10009, '2022-11-10', '08:00:00.000000', '17:00:00.000000'),
(748, 10009, '2022-11-11', '08:00:00.000000', '17:00:00.000000'),
(749, 10009, '2022-11-14', '08:00:00.000000', '17:00:00.000000'),
(750, 10009, '2022-11-15', '08:00:00.000000', '17:00:00.000000'),
(751, 10009, '2022-11-16', '08:00:00.000000', '17:00:00.000000'),
(752, 10009, '2022-11-17', '08:00:00.000000', '17:00:00.000000'),
(753, 10009, '2022-11-18', '08:05:00.000000', '17:00:00.000000'),
(754, 10009, '2022-11-21', '08:00:00.000000', '17:00:00.000000'),
(755, 10009, '2022-11-22', '08:00:00.000000', '17:00:00.000000'),
(756, 10009, '2022-11-23', '08:00:00.000000', '17:00:00.000000'),
(757, 10009, '2022-11-24', '08:00:00.000000', '17:00:00.000000'),
(758, 10009, '2022-11-25', '08:00:00.000000', '17:00:00.000000'),
(759, 10009, '2022-11-28', '08:00:00.000000', '17:00:00.000000'),
(760, 10009, '2022-11-29', '08:05:00.000000', '17:00:00.000000'),
(761, 10009, '2022-11-30', '12:00:00.000000', '00:00:00.000000'),
(762, 10009, '2022-12-01', '08:00:00.000000', '17:00:00.000000'),
(763, 10009, '2022-12-02', '08:00:00.000000', '17:00:00.000000'),
(764, 10009, '2022-12-05', '08:00:00.000000', '17:00:00.000000'),
(765, 10009, '2022-12-06', '08:00:00.000000', '17:00:00.000000'),
(766, 10009, '2022-12-07', '08:00:00.000000', '17:00:00.000000'),
(767, 10009, '2022-12-08', '12:00:00.000000', '00:00:00.000000'),
(768, 10009, '2022-12-09', '08:00:00.000000', '17:00:00.000000'),
(769, 10009, '2022-12-12', '08:00:00.000000', '17:00:00.000000'),
(770, 10009, '2022-12-13', '08:00:00.000000', '17:00:00.000000'),
(771, 10009, '2022-12-14', '08:00:00.000000', '17:00:00.000000'),
(772, 10009, '2022-12-15', '08:00:00.000000', '17:00:00.000000'),
(773, 10009, '2022-12-16', '08:00:00.000000', '17:00:00.000000'),
(774, 10009, '2022-12-19', '08:05:00.000000', '17:00:00.000000'),
(775, 10009, '2022-12-20', '08:00:00.000000', '17:00:00.000000'),
(776, 10009, '2022-12-21', '08:00:00.000000', '17:00:00.000000'),
(777, 10009, '2022-12-22', '08:00:00.000000', '17:00:00.000000'),
(778, 10009, '2022-12-23', '08:00:00.000000', '17:00:00.000000'),
(779, 10009, '2022-12-26', '08:00:00.000000', '17:00:00.000000'),
(780, 10009, '2022-12-27', '08:00:00.000000', '17:00:00.000000'),
(781, 10009, '2022-12-28', '08:05:00.000000', '17:00:00.000000');
INSERT INTO `attendancerecord` (`attRecordID`, `employeeID`, `date`, `timeIn`, `timeOut`) VALUES
(782, 10009, '2022-12-29', '08:00:00.000000', '17:00:00.000000'),
(783, 10009, '2022-12-30', '12:00:00.000000', '00:00:00.000000'),
(784, 10010, '2022-09-01', '08:00:00.000000', '17:00:00.000000'),
(785, 10010, '2022-09-02', '08:00:00.000000', '17:00:00.000000'),
(786, 10010, '2022-09-05', '08:00:00.000000', '17:00:00.000000'),
(787, 10010, '2022-09-06', '08:00:00.000000', '17:00:00.000000'),
(788, 10010, '2022-09-07', '08:00:00.000000', '17:00:00.000000'),
(789, 10010, '2022-09-08', '08:00:00.000000', '17:00:00.000000'),
(790, 10010, '2022-09-09', '08:00:00.000000', '17:00:00.000000'),
(791, 10010, '2022-09-12', '08:00:00.000000', '17:00:00.000000'),
(792, 10010, '2022-09-13', '08:00:00.000000', '17:00:00.000000'),
(793, 10010, '2022-09-14', '08:00:00.000000', '17:00:00.000000'),
(794, 10010, '2022-09-15', '08:00:00.000000', '17:00:00.000000'),
(795, 10010, '2022-09-16', '08:00:00.000000', '17:00:00.000000'),
(796, 10010, '2022-09-19', '08:00:00.000000', '17:00:00.000000'),
(797, 10010, '2022-09-20', '08:00:00.000000', '17:00:00.000000'),
(798, 10010, '2022-09-21', '08:00:00.000000', '17:00:00.000000'),
(799, 10010, '2022-09-22', '08:00:00.000000', '17:00:00.000000'),
(800, 10010, '2022-09-23', '08:00:00.000000', '17:00:00.000000'),
(801, 10010, '2022-09-26', '08:00:00.000000', '17:00:00.000000'),
(802, 10010, '2022-09-27', '08:00:00.000000', '17:00:00.000000'),
(803, 10010, '2022-09-28', '08:00:00.000000', '17:00:00.000000'),
(804, 10010, '2022-09-29', '08:00:00.000000', '17:00:00.000000'),
(805, 10010, '2022-09-30', '08:00:00.000000', '17:00:00.000000'),
(806, 10010, '2022-10-03', '08:00:00.000000', '17:00:00.000000'),
(807, 10010, '2022-10-04', '08:00:00.000000', '17:00:00.000000'),
(808, 10010, '2022-10-05', '08:00:00.000000', '17:00:00.000000'),
(809, 10010, '2022-10-06', '08:00:00.000000', '17:00:00.000000'),
(810, 10010, '2022-10-07', '08:00:00.000000', '17:00:00.000000'),
(811, 10010, '2022-10-10', '08:00:00.000000', '17:00:00.000000'),
(812, 10010, '2022-10-11', '12:00:00.000000', '00:00:00.000000'),
(813, 10010, '2022-10-12', '08:00:00.000000', '17:00:00.000000'),
(814, 10010, '2022-10-13', '08:00:00.000000', '17:00:00.000000'),
(815, 10010, '2022-10-14', '08:00:00.000000', '17:00:00.000000'),
(816, 10010, '2022-10-17', '08:00:00.000000', '17:00:00.000000'),
(817, 10010, '2022-10-18', '08:00:00.000000', '17:00:00.000000'),
(818, 10010, '2022-10-19', '08:00:00.000000', '17:00:00.000000'),
(819, 10010, '2022-10-20', '08:00:00.000000', '17:00:00.000000'),
(820, 10010, '2022-10-21', '12:00:00.000000', '00:00:00.000000'),
(821, 10010, '2022-10-24', '08:00:00.000000', '17:00:00.000000'),
(822, 10010, '2022-10-25', '08:00:00.000000', '17:00:00.000000'),
(823, 10010, '2022-10-26', '08:00:00.000000', '17:00:00.000000'),
(824, 10010, '2022-10-27', '08:00:00.000000', '17:00:00.000000'),
(825, 10010, '2022-10-28', '08:00:00.000000', '17:00:00.000000'),
(826, 10010, '2022-10-31', '08:00:00.000000', '17:00:00.000000'),
(827, 10010, '2022-11-01', '12:00:00.000000', '00:00:00.000000'),
(828, 10010, '2022-11-02', '08:00:00.000000', '17:00:00.000000'),
(829, 10010, '2022-11-03', '08:00:00.000000', '17:00:00.000000'),
(830, 10010, '2022-11-04', '08:00:00.000000', '17:00:00.000000'),
(831, 10010, '2022-11-07', '08:00:00.000000', '17:00:00.000000'),
(832, 10010, '2022-11-08', '08:00:00.000000', '17:00:00.000000'),
(833, 10010, '2022-11-09', '08:00:00.000000', '17:00:00.000000'),
(834, 10010, '2022-11-10', '08:00:00.000000', '17:00:00.000000'),
(835, 10010, '2022-11-11', '08:00:00.000000', '17:00:00.000000'),
(836, 10010, '2022-11-14', '08:00:00.000000', '17:00:00.000000'),
(837, 10010, '2022-11-15', '08:00:00.000000', '17:00:00.000000'),
(838, 10010, '2022-11-16', '08:00:00.000000', '17:00:00.000000'),
(839, 10010, '2022-11-17', '08:00:00.000000', '17:00:00.000000'),
(840, 10010, '2022-11-18', '08:00:00.000000', '17:00:00.000000'),
(841, 10010, '2022-11-21', '08:00:00.000000', '17:00:00.000000'),
(842, 10010, '2022-11-22', '08:00:00.000000', '17:00:00.000000'),
(843, 10010, '2022-11-23', '08:00:00.000000', '17:00:00.000000'),
(844, 10010, '2022-11-24', '08:00:00.000000', '17:00:00.000000'),
(845, 10010, '2022-11-25', '08:00:00.000000', '17:00:00.000000'),
(846, 10010, '2022-11-28', '08:00:00.000000', '17:00:00.000000'),
(847, 10010, '2022-11-29', '08:00:00.000000', '17:00:00.000000'),
(848, 10010, '2022-11-30', '12:00:00.000000', '00:00:00.000000'),
(849, 10010, '2022-12-01', '08:00:00.000000', '17:00:00.000000'),
(850, 10010, '2022-12-02', '08:00:00.000000', '17:00:00.000000'),
(851, 10010, '2022-12-05', '08:00:00.000000', '17:00:00.000000'),
(852, 10010, '2022-12-06', '08:00:00.000000', '17:00:00.000000'),
(853, 10010, '2022-12-07', '08:00:00.000000', '17:00:00.000000'),
(854, 10010, '2022-12-08', '12:00:00.000000', '00:00:00.000000'),
(855, 10010, '2022-12-09', '08:00:00.000000', '17:00:00.000000'),
(856, 10010, '2022-12-12', '08:00:00.000000', '17:00:00.000000'),
(857, 10010, '2022-12-13', '08:00:00.000000', '17:00:00.000000'),
(858, 10010, '2022-12-14', '08:00:00.000000', '17:00:00.000000'),
(859, 10010, '2022-12-15', '08:00:00.000000', '17:00:00.000000'),
(860, 10010, '2022-12-16', '08:00:00.000000', '17:00:00.000000'),
(861, 10010, '2022-12-19', '08:00:00.000000', '17:00:00.000000'),
(862, 10010, '2022-12-20', '08:00:00.000000', '17:00:00.000000'),
(863, 10010, '2022-12-21', '08:00:00.000000', '17:00:00.000000'),
(864, 10010, '2022-12-22', '08:00:00.000000', '17:00:00.000000'),
(865, 10010, '2022-12-23', '08:00:00.000000', '17:00:00.000000'),
(866, 10010, '2022-12-26', '08:00:00.000000', '17:00:00.000000'),
(867, 10010, '2022-12-27', '08:00:00.000000', '17:00:00.000000'),
(868, 10010, '2022-12-28', '08:00:00.000000', '17:00:00.000000'),
(869, 10010, '2022-12-29', '08:00:00.000000', '17:00:00.000000'),
(870, 10010, '2022-12-30', '12:00:00.000000', '00:00:00.000000'),
(871, 10011, '2022-09-01', '08:00:00.000000', '17:00:00.000000'),
(872, 10011, '2022-09-02', '08:00:00.000000', '17:00:00.000000'),
(873, 10011, '2022-09-05', '10:30:00.000000', '17:00:00.000000'),
(874, 10011, '2022-09-06', '08:00:00.000000', '17:00:00.000000'),
(875, 10011, '2022-09-07', '08:00:00.000000', '17:00:00.000000'),
(876, 10011, '2022-09-08', '08:00:00.000000', '17:00:00.000000'),
(877, 10011, '2022-09-09', '08:00:00.000000', '17:00:00.000000'),
(878, 10011, '2022-09-12', '08:00:00.000000', '17:00:00.000000'),
(879, 10011, '2022-09-13', '08:00:00.000000', '17:00:00.000000'),
(880, 10011, '2022-09-14', '10:30:00.000000', '17:00:00.000000'),
(881, 10011, '2022-09-15', '08:00:00.000000', '17:00:00.000000'),
(882, 10011, '2022-09-16', '08:00:00.000000', '17:00:00.000000'),
(883, 10011, '2022-09-19', '08:00:00.000000', '17:00:00.000000'),
(884, 10011, '2022-09-20', '08:00:00.000000', '17:00:00.000000'),
(885, 10011, '2022-09-21', '08:00:00.000000', '17:00:00.000000'),
(886, 10011, '2022-09-22', '08:00:00.000000', '17:00:00.000000'),
(887, 10011, '2022-09-23', '10:30:00.000000', '17:00:00.000000'),
(888, 10011, '2022-09-26', '08:00:00.000000', '17:00:00.000000'),
(889, 10011, '2022-09-27', '08:00:00.000000', '17:00:00.000000'),
(890, 10011, '2022-09-28', '08:00:00.000000', '17:00:00.000000'),
(891, 10011, '2022-09-29', '08:00:00.000000', '17:00:00.000000'),
(892, 10011, '2022-09-30', '08:00:00.000000', '17:00:00.000000'),
(893, 10011, '2022-10-03', '08:00:00.000000', '17:00:00.000000'),
(894, 10011, '2022-10-04', '10:30:00.000000', '17:00:00.000000'),
(895, 10011, '2022-10-05', '08:00:00.000000', '17:00:00.000000'),
(896, 10011, '2022-10-06', '08:00:00.000000', '17:00:00.000000'),
(897, 10011, '2022-10-07', '08:00:00.000000', '17:00:00.000000'),
(898, 10011, '2022-10-10', '08:00:00.000000', '17:00:00.000000'),
(899, 10011, '2022-10-11', '08:00:00.000000', '17:00:00.000000'),
(900, 10011, '2022-10-12', '08:00:00.000000', '17:00:00.000000'),
(901, 10011, '2022-10-13', '10:30:00.000000', '17:00:00.000000'),
(902, 10011, '2022-10-14', '08:00:00.000000', '17:00:00.000000'),
(903, 10011, '2022-10-17', '08:00:00.000000', '17:00:00.000000'),
(904, 10011, '2022-10-18', '08:00:00.000000', '17:00:00.000000'),
(905, 10011, '2022-10-19', '08:00:00.000000', '17:00:00.000000'),
(906, 10011, '2022-10-20', '08:00:00.000000', '17:00:00.000000'),
(907, 10011, '2022-10-21', '08:00:00.000000', '17:00:00.000000'),
(908, 10011, '2022-10-24', '10:30:00.000000', '17:00:00.000000'),
(909, 10011, '2022-10-25', '08:00:00.000000', '17:00:00.000000'),
(910, 10011, '2022-10-26', '08:00:00.000000', '17:00:00.000000'),
(911, 10011, '2022-10-27', '08:00:00.000000', '17:00:00.000000'),
(912, 10011, '2022-10-28', '08:00:00.000000', '17:00:00.000000'),
(913, 10011, '2022-10-31', '08:00:00.000000', '17:00:00.000000'),
(914, 10011, '2022-11-01', '12:00:00.000000', '00:00:00.000000'),
(915, 10011, '2022-11-02', '10:30:00.000000', '17:00:00.000000'),
(916, 10011, '2022-11-03', '08:00:00.000000', '17:00:00.000000'),
(917, 10011, '2022-11-04', '08:00:00.000000', '17:00:00.000000'),
(918, 10011, '2022-11-07', '08:00:00.000000', '17:00:00.000000'),
(919, 10011, '2022-11-08', '08:00:00.000000', '17:00:00.000000'),
(920, 10011, '2022-11-09', '08:00:00.000000', '17:00:00.000000'),
(921, 10011, '2022-11-10', '08:00:00.000000', '17:00:00.000000'),
(922, 10011, '2022-11-11', '10:30:00.000000', '17:00:00.000000'),
(923, 10011, '2022-11-14', '08:00:00.000000', '17:00:00.000000'),
(924, 10011, '2022-11-15', '08:00:00.000000', '17:00:00.000000'),
(925, 10011, '2022-11-16', '08:00:00.000000', '17:00:00.000000'),
(926, 10011, '2022-11-17', '08:00:00.000000', '17:00:00.000000'),
(927, 10011, '2022-11-18', '08:00:00.000000', '17:00:00.000000'),
(928, 10011, '2022-11-21', '08:00:00.000000', '17:00:00.000000'),
(929, 10011, '2022-11-22', '10:30:00.000000', '17:00:00.000000'),
(930, 10011, '2022-11-23', '08:00:00.000000', '17:00:00.000000'),
(931, 10011, '2022-11-24', '08:00:00.000000', '17:00:00.000000'),
(932, 10011, '2022-11-25', '08:00:00.000000', '17:00:00.000000'),
(933, 10011, '2022-11-28', '08:00:00.000000', '17:00:00.000000'),
(934, 10011, '2022-11-29', '08:00:00.000000', '17:00:00.000000'),
(935, 10011, '2022-11-30', '12:00:00.000000', '00:00:00.000000'),
(936, 10011, '2022-12-01', '10:30:00.000000', '17:00:00.000000'),
(937, 10011, '2022-12-02', '08:00:00.000000', '17:00:00.000000'),
(938, 10011, '2022-12-05', '08:00:00.000000', '17:00:00.000000'),
(939, 10011, '2022-12-06', '08:00:00.000000', '17:00:00.000000'),
(940, 10011, '2022-12-07', '08:00:00.000000', '17:00:00.000000'),
(941, 10011, '2022-12-08', '12:00:00.000000', '00:00:00.000000'),
(942, 10011, '2022-12-09', '08:00:00.000000', '17:00:00.000000'),
(943, 10011, '2022-12-12', '10:30:00.000000', '17:00:00.000000'),
(944, 10011, '2022-12-13', '08:00:00.000000', '17:00:00.000000'),
(945, 10011, '2022-12-14', '08:00:00.000000', '17:00:00.000000'),
(946, 10011, '2022-12-15', '08:00:00.000000', '17:00:00.000000'),
(947, 10011, '2022-12-16', '08:00:00.000000', '17:00:00.000000'),
(948, 10011, '2022-12-19', '08:00:00.000000', '17:00:00.000000'),
(949, 10011, '2022-12-20', '08:00:00.000000', '17:00:00.000000'),
(950, 10011, '2022-12-21', '10:30:00.000000', '17:00:00.000000'),
(951, 10011, '2022-12-22', '08:00:00.000000', '17:00:00.000000'),
(952, 10011, '2022-12-23', '08:00:00.000000', '17:00:00.000000'),
(953, 10011, '2022-12-26', '08:00:00.000000', '17:00:00.000000'),
(954, 10011, '2022-12-27', '08:00:00.000000', '17:00:00.000000'),
(955, 10011, '2022-12-28', '08:00:00.000000', '17:00:00.000000'),
(956, 10011, '2022-12-29', '08:00:00.000000', '17:00:00.000000'),
(957, 10011, '2022-12-30', '12:00:00.000000', '00:00:00.000000'),
(958, 10012, '2022-09-01', '08:00:00.000000', '17:00:00.000000'),
(959, 10012, '2022-09-02', '08:00:00.000000', '17:00:00.000000'),
(960, 10012, '2022-09-05', '08:00:00.000000', '17:00:00.000000'),
(961, 10012, '2022-09-06', '08:00:00.000000', '17:00:00.000000'),
(962, 10012, '2022-09-07', '08:00:00.000000', '17:00:00.000000'),
(963, 10012, '2022-09-08', '08:00:00.000000', '17:00:00.000000'),
(964, 10012, '2022-09-09', '08:00:00.000000', '17:00:00.000000'),
(965, 10012, '2022-09-12', '08:00:00.000000', '17:00:00.000000'),
(966, 10012, '2022-09-13', '08:00:00.000000', '17:00:00.000000'),
(967, 10012, '2022-09-14', '08:00:00.000000', '17:00:00.000000'),
(968, 10012, '2022-09-15', '08:00:00.000000', '17:00:00.000000'),
(969, 10012, '2022-09-16', '08:00:00.000000', '17:00:00.000000'),
(970, 10012, '2022-09-19', '08:00:00.000000', '17:00:00.000000'),
(971, 10012, '2022-09-20', '08:00:00.000000', '17:00:00.000000'),
(972, 10012, '2022-09-21', '08:00:00.000000', '17:00:00.000000'),
(973, 10012, '2022-09-22', '08:00:00.000000', '17:00:00.000000'),
(974, 10012, '2022-09-23', '08:00:00.000000', '17:00:00.000000'),
(975, 10012, '2022-09-26', '08:00:00.000000', '17:00:00.000000'),
(976, 10012, '2022-09-27', '08:00:00.000000', '17:00:00.000000'),
(977, 10012, '2022-09-28', '08:00:00.000000', '17:00:00.000000'),
(978, 10012, '2022-09-29', '08:00:00.000000', '17:00:00.000000'),
(979, 10012, '2022-09-30', '08:00:00.000000', '17:00:00.000000'),
(980, 10012, '2022-10-03', '08:00:00.000000', '17:00:00.000000'),
(981, 10012, '2022-10-04', '08:00:00.000000', '17:00:00.000000'),
(982, 10012, '2022-10-05', '08:00:00.000000', '17:00:00.000000'),
(983, 10012, '2022-10-06', '08:00:00.000000', '17:00:00.000000'),
(984, 10012, '2022-10-07', '08:00:00.000000', '17:00:00.000000'),
(985, 10012, '2022-10-10', '08:00:00.000000', '17:00:00.000000'),
(986, 10012, '2022-10-11', '08:00:00.000000', '17:00:00.000000'),
(987, 10012, '2022-10-12', '08:00:00.000000', '17:00:00.000000'),
(988, 10012, '2022-10-13', '08:00:00.000000', '17:00:00.000000'),
(989, 10012, '2022-10-14', '08:00:00.000000', '17:00:00.000000'),
(990, 10012, '2022-10-17', '08:00:00.000000', '17:00:00.000000'),
(991, 10012, '2022-10-18', '08:00:00.000000', '17:00:00.000000'),
(992, 10012, '2022-10-19', '08:00:00.000000', '17:00:00.000000'),
(993, 10012, '2022-10-20', '08:00:00.000000', '17:00:00.000000'),
(994, 10012, '2022-10-21', '08:00:00.000000', '17:00:00.000000'),
(995, 10012, '2022-10-24', '08:00:00.000000', '17:00:00.000000'),
(996, 10012, '2022-10-25', '08:00:00.000000', '17:00:00.000000'),
(997, 10012, '2022-10-26', '08:00:00.000000', '17:00:00.000000'),
(998, 10012, '2022-10-27', '08:00:00.000000', '17:00:00.000000'),
(999, 10012, '2022-10-28', '08:00:00.000000', '17:00:00.000000'),
(1000, 10012, '2022-10-31', '08:00:00.000000', '17:00:00.000000'),
(1001, 10012, '2022-11-01', '12:00:00.000000', '00:00:00.000000'),
(1002, 10012, '2022-11-02', '08:00:00.000000', '17:00:00.000000'),
(1003, 10012, '2022-11-03', '08:00:00.000000', '17:00:00.000000'),
(1004, 10012, '2022-11-04', '08:00:00.000000', '17:00:00.000000'),
(1005, 10012, '2022-11-07', '08:00:00.000000', '17:00:00.000000'),
(1006, 10012, '2022-11-08', '08:00:00.000000', '17:00:00.000000'),
(1007, 10012, '2022-11-09', '08:00:00.000000', '17:00:00.000000'),
(1008, 10012, '2022-11-10', '08:00:00.000000', '17:00:00.000000'),
(1009, 10012, '2022-11-11', '08:00:00.000000', '17:00:00.000000'),
(1010, 10012, '2022-11-14', '08:00:00.000000', '17:00:00.000000'),
(1011, 10012, '2022-11-15', '08:00:00.000000', '17:00:00.000000'),
(1012, 10012, '2022-11-16', '08:00:00.000000', '17:00:00.000000'),
(1013, 10012, '2022-11-17', '08:00:00.000000', '17:00:00.000000'),
(1014, 10012, '2022-11-18', '08:00:00.000000', '17:00:00.000000'),
(1015, 10012, '2022-11-21', '08:00:00.000000', '17:00:00.000000'),
(1016, 10012, '2022-11-22', '08:00:00.000000', '17:00:00.000000'),
(1017, 10012, '2022-11-23', '08:00:00.000000', '17:00:00.000000'),
(1018, 10012, '2022-11-24', '08:00:00.000000', '17:00:00.000000'),
(1019, 10012, '2022-11-25', '08:00:00.000000', '17:00:00.000000'),
(1020, 10012, '2022-11-28', '08:00:00.000000', '17:00:00.000000'),
(1021, 10012, '2022-11-29', '08:00:00.000000', '17:00:00.000000'),
(1022, 10012, '2022-11-30', '12:00:00.000000', '00:00:00.000000'),
(1023, 10012, '2022-12-01', '08:00:00.000000', '17:00:00.000000'),
(1024, 10012, '2022-12-02', '08:00:00.000000', '17:00:00.000000'),
(1025, 10012, '2022-12-05', '08:00:00.000000', '17:00:00.000000'),
(1026, 10012, '2022-12-06', '08:00:00.000000', '17:00:00.000000'),
(1027, 10012, '2022-12-07', '08:00:00.000000', '17:00:00.000000'),
(1028, 10012, '2022-12-08', '12:00:00.000000', '00:00:00.000000'),
(1029, 10012, '2022-12-09', '08:00:00.000000', '17:00:00.000000'),
(1030, 10012, '2022-12-12', '08:00:00.000000', '17:00:00.000000'),
(1031, 10012, '2022-12-13', '08:00:00.000000', '17:00:00.000000'),
(1032, 10012, '2022-12-14', '08:00:00.000000', '17:00:00.000000'),
(1033, 10012, '2022-12-15', '08:00:00.000000', '17:00:00.000000'),
(1034, 10012, '2022-12-16', '08:00:00.000000', '17:00:00.000000'),
(1035, 10012, '2022-12-19', '08:00:00.000000', '17:00:00.000000'),
(1036, 10012, '2022-12-20', '08:00:00.000000', '17:00:00.000000'),
(1037, 10012, '2022-12-21', '08:00:00.000000', '17:00:00.000000'),
(1038, 10012, '2022-12-22', '08:00:00.000000', '17:00:00.000000'),
(1039, 10012, '2022-12-23', '08:00:00.000000', '17:00:00.000000'),
(1040, 10012, '2022-12-26', '08:00:00.000000', '17:00:00.000000'),
(1041, 10012, '2022-12-27', '08:00:00.000000', '17:00:00.000000'),
(1042, 10012, '2022-12-28', '08:00:00.000000', '17:00:00.000000'),
(1043, 10012, '2022-12-29', '08:00:00.000000', '17:00:00.000000'),
(1044, 10012, '2022-12-30', '12:00:00.000000', '00:00:00.000000'),
(1045, 10013, '2022-09-01', '08:00:00.000000', '17:00:00.000000'),
(1046, 10013, '2022-09-02', '08:00:00.000000', '17:00:00.000000'),
(1047, 10013, '2022-09-05', '08:00:00.000000', '17:00:00.000000'),
(1048, 10013, '2022-09-06', '08:00:00.000000', '17:00:00.000000'),
(1049, 10013, '2022-09-07', '08:00:00.000000', '17:00:00.000000'),
(1050, 10013, '2022-09-08', '10:00:00.000000', '17:00:00.000000'),
(1051, 10013, '2022-09-09', '08:00:00.000000', '17:00:00.000000'),
(1052, 10013, '2022-09-12', '08:00:00.000000', '17:00:00.000000'),
(1053, 10013, '2022-09-13', '08:00:00.000000', '17:00:00.000000'),
(1054, 10013, '2022-09-14', '08:00:00.000000', '17:00:00.000000'),
(1055, 10013, '2022-09-15', '08:00:00.000000', '17:00:00.000000'),
(1056, 10013, '2022-09-16', '08:00:00.000000', '17:00:00.000000'),
(1057, 10013, '2022-09-19', '10:00:00.000000', '17:00:00.000000'),
(1058, 10013, '2022-09-20', '08:00:00.000000', '17:00:00.000000'),
(1059, 10013, '2022-09-21', '08:00:00.000000', '17:00:00.000000'),
(1060, 10013, '2022-09-22', '08:00:00.000000', '17:00:00.000000'),
(1061, 10013, '2022-09-23', '08:00:00.000000', '17:00:00.000000'),
(1062, 10013, '2022-09-26', '08:00:00.000000', '17:00:00.000000'),
(1063, 10013, '2022-09-27', '08:00:00.000000', '17:00:00.000000'),
(1064, 10013, '2022-09-28', '10:00:00.000000', '17:00:00.000000'),
(1065, 10013, '2022-09-29', '08:00:00.000000', '17:00:00.000000'),
(1066, 10013, '2022-09-30', '08:00:00.000000', '17:00:00.000000'),
(1067, 10013, '2022-10-03', '08:00:00.000000', '17:00:00.000000'),
(1068, 10013, '2022-10-04', '08:00:00.000000', '17:00:00.000000'),
(1069, 10013, '2022-10-05', '08:00:00.000000', '17:00:00.000000'),
(1070, 10013, '2022-10-06', '08:00:00.000000', '17:00:00.000000'),
(1071, 10013, '2022-10-07', '10:00:00.000000', '17:00:00.000000'),
(1072, 10013, '2022-10-10', '08:00:00.000000', '17:00:00.000000'),
(1073, 10013, '2022-10-11', '08:00:00.000000', '17:00:00.000000'),
(1074, 10013, '2022-10-12', '08:00:00.000000', '17:00:00.000000'),
(1075, 10013, '2022-10-13', '08:00:00.000000', '17:00:00.000000'),
(1076, 10013, '2022-10-14', '08:00:00.000000', '17:00:00.000000'),
(1077, 10013, '2022-10-17', '08:00:00.000000', '17:00:00.000000'),
(1078, 10013, '2022-10-18', '10:00:00.000000', '17:00:00.000000'),
(1079, 10013, '2022-10-19', '08:00:00.000000', '17:00:00.000000'),
(1080, 10013, '2022-10-20', '08:00:00.000000', '17:00:00.000000'),
(1081, 10013, '2022-10-21', '08:00:00.000000', '17:00:00.000000'),
(1082, 10013, '2022-10-24', '08:00:00.000000', '17:00:00.000000'),
(1083, 10013, '2022-10-25', '08:00:00.000000', '17:00:00.000000'),
(1084, 10013, '2022-10-26', '08:00:00.000000', '17:00:00.000000'),
(1085, 10013, '2022-10-27', '10:00:00.000000', '17:00:00.000000'),
(1086, 10013, '2022-10-28', '08:00:00.000000', '17:00:00.000000'),
(1087, 10013, '2022-10-31', '08:00:00.000000', '17:00:00.000000'),
(1088, 10013, '2022-11-01', '12:00:00.000000', '00:00:00.000000'),
(1089, 10013, '2022-11-02', '08:00:00.000000', '17:00:00.000000'),
(1090, 10013, '2022-11-03', '08:00:00.000000', '17:00:00.000000'),
(1091, 10013, '2022-11-04', '08:00:00.000000', '17:00:00.000000'),
(1092, 10013, '2022-11-07', '10:00:00.000000', '17:00:00.000000'),
(1093, 10013, '2022-11-08', '08:00:00.000000', '17:00:00.000000'),
(1094, 10013, '2022-11-09', '08:00:00.000000', '17:00:00.000000'),
(1095, 10013, '2022-11-10', '08:00:00.000000', '17:00:00.000000'),
(1096, 10013, '2022-11-11', '08:00:00.000000', '17:00:00.000000'),
(1097, 10013, '2022-11-14', '08:00:00.000000', '17:00:00.000000'),
(1098, 10013, '2022-11-15', '08:00:00.000000', '17:00:00.000000'),
(1099, 10013, '2022-11-16', '10:00:00.000000', '17:00:00.000000'),
(1100, 10013, '2022-11-17', '08:00:00.000000', '17:00:00.000000'),
(1101, 10013, '2022-11-18', '08:00:00.000000', '17:00:00.000000'),
(1102, 10013, '2022-11-21', '08:00:00.000000', '17:00:00.000000'),
(1103, 10013, '2022-11-22', '08:00:00.000000', '17:00:00.000000'),
(1104, 10013, '2022-11-23', '08:00:00.000000', '17:00:00.000000'),
(1105, 10013, '2022-11-24', '08:00:00.000000', '17:00:00.000000'),
(1106, 10013, '2022-11-25', '10:00:00.000000', '17:00:00.000000'),
(1107, 10013, '2022-11-28', '08:00:00.000000', '17:00:00.000000'),
(1108, 10013, '2022-11-29', '08:00:00.000000', '17:00:00.000000'),
(1109, 10013, '2022-11-30', '12:00:00.000000', '00:00:00.000000'),
(1110, 10013, '2022-12-01', '08:00:00.000000', '17:00:00.000000'),
(1111, 10013, '2022-12-02', '08:00:00.000000', '17:00:00.000000'),
(1112, 10013, '2022-12-05', '08:00:00.000000', '17:00:00.000000'),
(1113, 10013, '2022-12-06', '10:00:00.000000', '17:00:00.000000'),
(1114, 10013, '2022-12-07', '08:00:00.000000', '17:00:00.000000'),
(1115, 10013, '2022-12-08', '12:00:00.000000', '00:00:00.000000'),
(1116, 10013, '2022-12-09', '08:00:00.000000', '17:00:00.000000'),
(1117, 10013, '2022-12-12', '08:00:00.000000', '17:00:00.000000'),
(1118, 10013, '2022-12-13', '08:00:00.000000', '17:00:00.000000'),
(1119, 10013, '2022-12-14', '08:00:00.000000', '17:00:00.000000'),
(1120, 10013, '2022-12-15', '10:00:00.000000', '17:00:00.000000'),
(1121, 10013, '2022-12-16', '08:00:00.000000', '17:00:00.000000'),
(1122, 10013, '2022-12-19', '08:00:00.000000', '17:00:00.000000'),
(1123, 10013, '2022-12-20', '08:00:00.000000', '17:00:00.000000'),
(1124, 10013, '2022-12-21', '08:00:00.000000', '17:00:00.000000'),
(1125, 10013, '2022-12-22', '08:00:00.000000', '17:00:00.000000'),
(1126, 10013, '2022-12-23', '08:00:00.000000', '17:00:00.000000'),
(1127, 10013, '2022-12-26', '10:00:00.000000', '17:00:00.000000'),
(1128, 10013, '2022-12-27', '08:00:00.000000', '17:00:00.000000'),
(1129, 10013, '2022-12-28', '08:00:00.000000', '17:00:00.000000'),
(1130, 10013, '2022-12-29', '08:00:00.000000', '17:00:00.000000'),
(1131, 10013, '2022-12-30', '12:00:00.000000', '00:00:00.000000'),
(1132, 10014, '2022-09-01', '08:00:00.000000', '17:00:00.000000'),
(1133, 10014, '2022-09-02', '08:00:00.000000', '17:00:00.000000'),
(1134, 10014, '2022-09-05', '08:00:00.000000', '17:00:00.000000'),
(1135, 10014, '2022-09-06', '08:00:00.000000', '17:00:00.000000'),
(1136, 10014, '2022-09-07', '08:00:00.000000', '17:00:00.000000'),
(1137, 10014, '2022-09-08', '10:00:00.000000', '17:00:00.000000'),
(1138, 10014, '2022-09-09', '08:00:00.000000', '17:00:00.000000'),
(1139, 10014, '2022-09-12', '08:00:00.000000', '17:00:00.000000'),
(1140, 10014, '2022-09-13', '08:00:00.000000', '17:00:00.000000'),
(1141, 10014, '2022-09-14', '08:00:00.000000', '17:00:00.000000'),
(1142, 10014, '2022-09-15', '08:00:00.000000', '17:00:00.000000'),
(1143, 10014, '2022-09-16', '08:00:00.000000', '17:00:00.000000'),
(1144, 10014, '2022-09-19', '10:00:00.000000', '17:00:00.000000'),
(1145, 10014, '2022-09-20', '08:00:00.000000', '17:00:00.000000'),
(1146, 10014, '2022-09-21', '08:00:00.000000', '17:00:00.000000'),
(1147, 10014, '2022-09-22', '08:00:00.000000', '17:00:00.000000'),
(1148, 10014, '2022-09-23', '08:00:00.000000', '17:00:00.000000'),
(1149, 10014, '2022-09-26', '08:00:00.000000', '17:00:00.000000'),
(1150, 10014, '2022-09-27', '08:00:00.000000', '17:00:00.000000'),
(1151, 10014, '2022-09-28', '10:00:00.000000', '17:00:00.000000'),
(1152, 10014, '2022-09-29', '08:00:00.000000', '17:00:00.000000'),
(1153, 10014, '2022-09-30', '08:00:00.000000', '17:00:00.000000'),
(1154, 10014, '2022-10-03', '08:00:00.000000', '17:00:00.000000'),
(1155, 10014, '2022-10-04', '08:00:00.000000', '17:00:00.000000'),
(1156, 10014, '2022-10-05', '08:00:00.000000', '17:00:00.000000'),
(1157, 10014, '2022-10-06', '08:00:00.000000', '17:00:00.000000'),
(1158, 10014, '2022-10-07', '12:00:00.000000', '00:00:00.000000'),
(1159, 10014, '2022-10-10', '08:00:00.000000', '17:00:00.000000'),
(1160, 10014, '2022-10-11', '08:00:00.000000', '17:00:00.000000'),
(1161, 10014, '2022-10-12', '08:00:00.000000', '17:00:00.000000'),
(1162, 10014, '2022-10-13', '08:00:00.000000', '17:00:00.000000'),
(1163, 10014, '2022-10-14', '08:00:00.000000', '17:00:00.000000'),
(1164, 10014, '2022-10-17', '08:00:00.000000', '17:00:00.000000'),
(1165, 10014, '2022-10-18', '10:00:00.000000', '17:00:00.000000'),
(1166, 10014, '2022-10-19', '08:00:00.000000', '17:00:00.000000'),
(1167, 10014, '2022-10-20', '08:00:00.000000', '17:00:00.000000'),
(1168, 10014, '2022-10-21', '08:00:00.000000', '17:00:00.000000'),
(1169, 10014, '2022-10-24', '08:00:00.000000', '17:00:00.000000'),
(1170, 10014, '2022-10-25', '08:00:00.000000', '17:00:00.000000'),
(1171, 10014, '2022-10-26', '08:00:00.000000', '17:00:00.000000'),
(1172, 10014, '2022-10-27', '10:00:00.000000', '17:00:00.000000'),
(1173, 10014, '2022-10-28', '08:00:00.000000', '17:00:00.000000'),
(1174, 10014, '2022-10-31', '08:00:00.000000', '17:00:00.000000'),
(1175, 10014, '2022-11-01', '12:00:00.000000', '00:00:00.000000'),
(1176, 10014, '2022-11-02', '08:00:00.000000', '17:00:00.000000'),
(1177, 10014, '2022-11-03', '08:00:00.000000', '17:00:00.000000'),
(1178, 10014, '2022-11-04', '08:00:00.000000', '17:00:00.000000'),
(1179, 10014, '2022-11-07', '10:00:00.000000', '17:00:00.000000'),
(1180, 10014, '2022-11-08', '08:00:00.000000', '17:00:00.000000'),
(1181, 10014, '2022-11-09', '08:00:00.000000', '17:00:00.000000'),
(1182, 10014, '2022-11-10', '08:00:00.000000', '17:00:00.000000'),
(1183, 10014, '2022-11-11', '08:00:00.000000', '17:00:00.000000'),
(1184, 10014, '2022-11-14', '08:00:00.000000', '17:00:00.000000'),
(1185, 10014, '2022-11-15', '08:00:00.000000', '17:00:00.000000'),
(1186, 10014, '2022-11-16', '10:00:00.000000', '17:00:00.000000'),
(1187, 10014, '2022-11-17', '08:00:00.000000', '17:00:00.000000'),
(1188, 10014, '2022-11-18', '08:00:00.000000', '17:00:00.000000'),
(1189, 10014, '2022-11-21', '08:00:00.000000', '17:00:00.000000'),
(1190, 10014, '2022-11-22', '08:00:00.000000', '17:00:00.000000'),
(1191, 10014, '2022-11-23', '08:00:00.000000', '17:00:00.000000'),
(1192, 10014, '2022-11-24', '08:00:00.000000', '17:00:00.000000'),
(1193, 10014, '2022-11-25', '10:00:00.000000', '17:00:00.000000'),
(1194, 10014, '2022-11-28', '08:00:00.000000', '17:00:00.000000'),
(1195, 10014, '2022-11-29', '08:00:00.000000', '17:00:00.000000'),
(1196, 10014, '2022-11-30', '12:00:00.000000', '00:00:00.000000'),
(1197, 10014, '2022-12-01', '08:00:00.000000', '17:00:00.000000'),
(1198, 10014, '2022-12-02', '08:00:00.000000', '17:00:00.000000'),
(1199, 10014, '2022-12-05', '08:00:00.000000', '17:00:00.000000'),
(1200, 10014, '2022-12-06', '10:00:00.000000', '17:00:00.000000'),
(1201, 10014, '2022-12-07', '08:00:00.000000', '17:00:00.000000'),
(1202, 10014, '2022-12-08', '12:00:00.000000', '00:00:00.000000'),
(1203, 10014, '2022-12-09', '08:00:00.000000', '17:00:00.000000'),
(1204, 10014, '2022-12-12', '08:00:00.000000', '17:00:00.000000'),
(1205, 10014, '2022-12-13', '08:00:00.000000', '17:00:00.000000'),
(1206, 10014, '2022-12-14', '08:00:00.000000', '17:00:00.000000'),
(1207, 10014, '2022-12-15', '10:00:00.000000', '17:00:00.000000'),
(1208, 10014, '2022-12-16', '08:00:00.000000', '17:00:00.000000'),
(1209, 10014, '2022-12-19', '08:00:00.000000', '17:00:00.000000'),
(1210, 10014, '2022-12-20', '08:00:00.000000', '17:00:00.000000'),
(1211, 10014, '2022-12-21', '08:00:00.000000', '17:00:00.000000'),
(1212, 10014, '2022-12-22', '08:00:00.000000', '17:00:00.000000'),
(1213, 10014, '2022-12-23', '08:00:00.000000', '17:00:00.000000'),
(1214, 10014, '2022-12-26', '10:00:00.000000', '17:00:00.000000'),
(1215, 10014, '2022-12-27', '08:00:00.000000', '17:00:00.000000'),
(1216, 10014, '2022-12-28', '08:00:00.000000', '17:00:00.000000'),
(1217, 10014, '2022-12-29', '08:00:00.000000', '17:00:00.000000'),
(1218, 10014, '2022-12-30', '12:00:00.000000', '00:00:00.000000'),
(1219, 10015, '2022-09-01', '08:00:00.000000', '17:00:00.000000'),
(1220, 10015, '2022-09-02', '08:00:00.000000', '17:00:00.000000'),
(1221, 10015, '2022-09-05', '08:00:00.000000', '17:00:00.000000'),
(1222, 10015, '2022-09-06', '08:00:00.000000', '17:00:00.000000'),
(1223, 10015, '2022-09-07', '08:00:00.000000', '17:00:00.000000'),
(1224, 10015, '2022-09-08', '10:00:00.000000', '17:00:00.000000'),
(1225, 10015, '2022-09-09', '08:00:00.000000', '17:00:00.000000'),
(1226, 10015, '2022-09-12', '08:00:00.000000', '17:00:00.000000'),
(1227, 10015, '2022-09-13', '08:00:00.000000', '17:00:00.000000'),
(1228, 10015, '2022-09-14', '08:00:00.000000', '17:00:00.000000'),
(1229, 10015, '2022-09-15', '08:00:00.000000', '17:00:00.000000'),
(1230, 10015, '2022-09-16', '08:00:00.000000', '17:00:00.000000'),
(1231, 10015, '2022-09-19', '10:00:00.000000', '17:00:00.000000'),
(1232, 10015, '2022-09-20', '08:00:00.000000', '17:00:00.000000'),
(1233, 10015, '2022-09-21', '08:00:00.000000', '17:00:00.000000'),
(1234, 10015, '2022-09-22', '08:00:00.000000', '17:00:00.000000'),
(1235, 10015, '2022-09-23', '08:00:00.000000', '17:00:00.000000'),
(1236, 10015, '2022-09-26', '08:00:00.000000', '17:00:00.000000'),
(1237, 10015, '2022-09-27', '08:00:00.000000', '17:00:00.000000'),
(1238, 10015, '2022-09-28', '10:00:00.000000', '17:00:00.000000'),
(1239, 10015, '2022-09-29', '08:00:00.000000', '17:00:00.000000'),
(1240, 10015, '2022-09-30', '08:00:00.000000', '17:00:00.000000'),
(1241, 10015, '2022-10-03', '08:00:00.000000', '17:00:00.000000'),
(1242, 10015, '2022-10-04', '08:00:00.000000', '17:00:00.000000'),
(1243, 10015, '2022-10-05', '08:00:00.000000', '17:00:00.000000'),
(1244, 10015, '2022-10-06', '08:00:00.000000', '17:00:00.000000'),
(1245, 10015, '2022-10-07', '10:00:00.000000', '17:00:00.000000'),
(1246, 10015, '2022-10-10', '08:00:00.000000', '17:00:00.000000'),
(1247, 10015, '2022-10-11', '08:00:00.000000', '17:00:00.000000'),
(1248, 10015, '2022-10-12', '08:00:00.000000', '17:00:00.000000'),
(1249, 10015, '2022-10-13', '08:00:00.000000', '17:00:00.000000'),
(1250, 10015, '2022-10-14', '08:00:00.000000', '17:00:00.000000'),
(1251, 10015, '2022-10-17', '08:00:00.000000', '17:00:00.000000'),
(1252, 10015, '2022-10-18', '10:00:00.000000', '17:00:00.000000'),
(1253, 10015, '2022-10-19', '08:00:00.000000', '17:00:00.000000'),
(1254, 10015, '2022-10-20', '08:00:00.000000', '17:00:00.000000'),
(1255, 10015, '2022-10-21', '08:00:00.000000', '17:00:00.000000'),
(1256, 10015, '2022-10-24', '08:00:00.000000', '17:00:00.000000'),
(1257, 10015, '2022-10-25', '08:00:00.000000', '17:00:00.000000'),
(1258, 10015, '2022-10-26', '08:00:00.000000', '17:00:00.000000'),
(1259, 10015, '2022-10-27', '10:00:00.000000', '17:00:00.000000'),
(1260, 10015, '2022-10-28', '08:00:00.000000', '17:00:00.000000'),
(1261, 10015, '2022-10-31', '08:00:00.000000', '17:00:00.000000'),
(1262, 10015, '2022-11-01', '12:00:00.000000', '00:00:00.000000'),
(1263, 10015, '2022-11-02', '08:00:00.000000', '17:00:00.000000'),
(1264, 10015, '2022-11-03', '08:00:00.000000', '17:00:00.000000'),
(1265, 10015, '2022-11-04', '08:00:00.000000', '17:00:00.000000'),
(1266, 10015, '2022-11-07', '10:00:00.000000', '17:00:00.000000'),
(1267, 10015, '2022-11-08', '08:00:00.000000', '17:00:00.000000'),
(1268, 10015, '2022-11-09', '08:00:00.000000', '17:00:00.000000'),
(1269, 10015, '2022-11-10', '08:00:00.000000', '17:00:00.000000'),
(1270, 10015, '2022-11-11', '08:00:00.000000', '17:00:00.000000'),
(1271, 10015, '2022-11-14', '08:00:00.000000', '17:00:00.000000'),
(1272, 10015, '2022-11-15', '08:00:00.000000', '17:00:00.000000'),
(1273, 10015, '2022-11-16', '10:00:00.000000', '17:00:00.000000'),
(1274, 10015, '2022-11-17', '08:00:00.000000', '17:00:00.000000'),
(1275, 10015, '2022-11-18', '08:00:00.000000', '17:00:00.000000'),
(1276, 10015, '2022-11-21', '08:00:00.000000', '17:00:00.000000'),
(1277, 10015, '2022-11-22', '08:00:00.000000', '17:00:00.000000'),
(1278, 10015, '2022-11-23', '08:00:00.000000', '17:00:00.000000'),
(1279, 10015, '2022-11-24', '08:00:00.000000', '17:00:00.000000'),
(1280, 10015, '2022-11-25', '10:00:00.000000', '17:00:00.000000'),
(1281, 10015, '2022-11-28', '08:00:00.000000', '17:00:00.000000'),
(1282, 10015, '2022-11-29', '08:00:00.000000', '17:00:00.000000'),
(1283, 10015, '2022-11-30', '12:00:00.000000', '00:00:00.000000'),
(1284, 10015, '2022-12-01', '08:00:00.000000', '17:00:00.000000'),
(1285, 10015, '2022-12-02', '08:00:00.000000', '17:00:00.000000'),
(1286, 10015, '2022-12-05', '08:00:00.000000', '17:00:00.000000'),
(1287, 10015, '2022-12-06', '10:00:00.000000', '17:00:00.000000'),
(1288, 10015, '2022-12-07', '08:00:00.000000', '17:00:00.000000'),
(1289, 10015, '2022-12-08', '12:00:00.000000', '00:00:00.000000'),
(1290, 10015, '2022-12-09', '08:00:00.000000', '17:00:00.000000'),
(1291, 10015, '2022-12-12', '08:00:00.000000', '17:00:00.000000'),
(1292, 10015, '2022-12-13', '08:00:00.000000', '17:00:00.000000'),
(1293, 10015, '2022-12-14', '08:00:00.000000', '17:00:00.000000'),
(1294, 10015, '2022-12-15', '10:00:00.000000', '17:00:00.000000'),
(1295, 10015, '2022-12-16', '08:00:00.000000', '17:00:00.000000'),
(1296, 10015, '2022-12-19', '08:00:00.000000', '17:00:00.000000'),
(1297, 10015, '2022-12-20', '08:00:00.000000', '17:00:00.000000'),
(1298, 10015, '2022-12-21', '08:00:00.000000', '17:00:00.000000'),
(1299, 10015, '2022-12-22', '08:00:00.000000', '17:00:00.000000'),
(1300, 10015, '2022-12-23', '08:00:00.000000', '17:00:00.000000'),
(1301, 10015, '2022-12-26', '10:00:00.000000', '17:00:00.000000'),
(1302, 10015, '2022-12-27', '08:00:00.000000', '17:00:00.000000'),
(1303, 10015, '2022-12-28', '08:00:00.000000', '17:00:00.000000'),
(1304, 10015, '2022-12-29', '08:00:00.000000', '17:00:00.000000'),
(1305, 10015, '2022-12-30', '12:00:00.000000', '00:00:00.000000'),
(1306, 10016, '2022-09-01', '08:28:00.000000', '17:00:00.000000'),
(1307, 10016, '2022-09-02', '08:00:00.000000', '17:00:00.000000'),
(1308, 10016, '2022-09-05', '08:00:00.000000', '17:00:00.000000'),
(1309, 10016, '2022-09-06', '08:00:00.000000', '17:00:00.000000'),
(1310, 10016, '2022-09-07', '08:00:00.000000', '17:00:00.000000'),
(1311, 10016, '2022-09-08', '10:00:00.000000', '17:00:00.000000'),
(1312, 10016, '2022-09-09', '08:00:00.000000', '17:00:00.000000'),
(1313, 10016, '2022-09-12', '08:28:00.000000', '17:00:00.000000'),
(1314, 10016, '2022-09-13', '08:00:00.000000', '17:00:00.000000'),
(1315, 10016, '2022-09-14', '08:00:00.000000', '17:00:00.000000'),
(1316, 10016, '2022-09-15', '08:00:00.000000', '17:00:00.000000'),
(1317, 10016, '2022-09-16', '08:00:00.000000', '17:00:00.000000'),
(1318, 10016, '2022-09-19', '10:00:00.000000', '17:00:00.000000'),
(1319, 10016, '2022-09-20', '08:00:00.000000', '17:00:00.000000'),
(1320, 10016, '2022-09-21', '08:28:00.000000', '17:00:00.000000'),
(1321, 10016, '2022-09-22', '08:00:00.000000', '17:00:00.000000'),
(1322, 10016, '2022-09-23', '08:00:00.000000', '17:00:00.000000'),
(1323, 10016, '2022-09-26', '08:00:00.000000', '17:00:00.000000'),
(1324, 10016, '2022-09-27', '08:00:00.000000', '17:00:00.000000'),
(1325, 10016, '2022-09-28', '10:00:00.000000', '17:00:00.000000'),
(1326, 10016, '2022-09-29', '08:00:00.000000', '17:00:00.000000'),
(1327, 10016, '2022-09-30', '08:28:00.000000', '17:00:00.000000'),
(1328, 10016, '2022-10-03', '08:00:00.000000', '17:00:00.000000'),
(1329, 10016, '2022-10-04', '08:00:00.000000', '17:00:00.000000'),
(1330, 10016, '2022-10-05', '08:00:00.000000', '17:00:00.000000'),
(1331, 10016, '2022-10-06', '08:00:00.000000', '17:00:00.000000'),
(1332, 10016, '2022-10-07', '10:00:00.000000', '17:00:00.000000'),
(1333, 10016, '2022-10-10', '08:00:00.000000', '17:00:00.000000'),
(1334, 10016, '2022-10-11', '08:28:00.000000', '17:00:00.000000'),
(1335, 10016, '2022-10-12', '08:00:00.000000', '17:00:00.000000'),
(1336, 10016, '2022-10-13', '08:00:00.000000', '17:00:00.000000'),
(1337, 10016, '2022-10-14', '08:00:00.000000', '17:00:00.000000'),
(1338, 10016, '2022-10-17', '08:00:00.000000', '17:00:00.000000'),
(1339, 10016, '2022-10-18', '12:00:00.000000', '00:00:00.000000'),
(1340, 10016, '2022-10-19', '08:00:00.000000', '17:00:00.000000'),
(1341, 10016, '2022-10-20', '08:28:00.000000', '17:00:00.000000'),
(1342, 10016, '2022-10-21', '08:00:00.000000', '17:00:00.000000'),
(1343, 10016, '2022-10-24', '08:00:00.000000', '17:00:00.000000'),
(1344, 10016, '2022-10-25', '08:00:00.000000', '17:00:00.000000'),
(1345, 10016, '2022-10-26', '08:00:00.000000', '17:00:00.000000'),
(1346, 10016, '2022-10-27', '10:00:00.000000', '17:00:00.000000'),
(1347, 10016, '2022-10-28', '08:00:00.000000', '17:00:00.000000'),
(1348, 10016, '2022-10-31', '08:28:00.000000', '17:00:00.000000'),
(1349, 10016, '2022-11-01', '12:00:00.000000', '00:00:00.000000'),
(1350, 10016, '2022-11-02', '08:00:00.000000', '17:00:00.000000'),
(1351, 10016, '2022-11-03', '08:00:00.000000', '17:00:00.000000'),
(1352, 10016, '2022-11-04', '08:00:00.000000', '17:00:00.000000'),
(1353, 10016, '2022-11-07', '10:00:00.000000', '17:00:00.000000'),
(1354, 10016, '2022-11-08', '08:00:00.000000', '17:00:00.000000'),
(1355, 10016, '2022-11-09', '08:28:00.000000', '17:00:00.000000'),
(1356, 10016, '2022-11-10', '08:00:00.000000', '17:00:00.000000'),
(1357, 10016, '2022-11-11', '08:00:00.000000', '17:00:00.000000'),
(1358, 10016, '2022-11-14', '08:00:00.000000', '17:00:00.000000'),
(1359, 10016, '2022-11-15', '08:00:00.000000', '17:00:00.000000'),
(1360, 10016, '2022-11-16', '10:00:00.000000', '17:00:00.000000'),
(1361, 10016, '2022-11-17', '08:00:00.000000', '17:00:00.000000'),
(1362, 10016, '2022-11-18', '08:28:00.000000', '17:00:00.000000'),
(1363, 10016, '2022-11-21', '08:00:00.000000', '17:00:00.000000'),
(1364, 10016, '2022-11-22', '08:00:00.000000', '17:00:00.000000'),
(1365, 10016, '2022-11-23', '08:00:00.000000', '17:00:00.000000'),
(1366, 10016, '2022-11-24', '08:00:00.000000', '17:00:00.000000'),
(1367, 10016, '2022-11-25', '10:00:00.000000', '17:00:00.000000'),
(1368, 10016, '2022-11-28', '08:00:00.000000', '17:00:00.000000'),
(1369, 10016, '2022-11-29', '08:28:00.000000', '17:00:00.000000'),
(1370, 10016, '2022-11-30', '12:00:00.000000', '00:00:00.000000'),
(1371, 10016, '2022-12-01', '08:00:00.000000', '17:00:00.000000'),
(1372, 10016, '2022-12-02', '08:00:00.000000', '17:00:00.000000'),
(1373, 10016, '2022-12-05', '08:00:00.000000', '17:00:00.000000'),
(1374, 10016, '2022-12-06', '10:00:00.000000', '17:00:00.000000'),
(1375, 10016, '2022-12-07', '08:00:00.000000', '17:00:00.000000'),
(1376, 10016, '2022-12-08', '12:00:00.000000', '00:00:00.000000'),
(1377, 10016, '2022-12-09', '08:00:00.000000', '17:00:00.000000'),
(1378, 10016, '2022-12-12', '08:00:00.000000', '17:00:00.000000'),
(1379, 10016, '2022-12-13', '08:00:00.000000', '17:00:00.000000'),
(1380, 10016, '2022-12-14', '08:00:00.000000', '17:00:00.000000'),
(1381, 10016, '2022-12-15', '10:00:00.000000', '17:00:00.000000'),
(1382, 10016, '2022-12-16', '08:00:00.000000', '17:00:00.000000'),
(1383, 10016, '2022-12-19', '08:28:00.000000', '17:00:00.000000'),
(1384, 10016, '2022-12-20', '08:00:00.000000', '17:00:00.000000'),
(1385, 10016, '2022-12-21', '08:00:00.000000', '17:00:00.000000'),
(1386, 10016, '2022-12-22', '08:00:00.000000', '17:00:00.000000'),
(1387, 10016, '2022-12-23', '08:00:00.000000', '17:00:00.000000'),
(1388, 10016, '2022-12-26', '10:00:00.000000', '17:00:00.000000'),
(1389, 10016, '2022-12-27', '08:00:00.000000', '17:00:00.000000'),
(1390, 10016, '2022-12-28', '08:28:00.000000', '17:00:00.000000'),
(1391, 10016, '2022-12-29', '08:00:00.000000', '17:00:00.000000'),
(1392, 10016, '2022-12-30', '12:00:00.000000', '00:00:00.000000'),
(1393, 10017, '2022-09-01', '08:00:00.000000', '17:00:00.000000'),
(1394, 10017, '2022-09-02', '08:00:00.000000', '17:00:00.000000'),
(1395, 10017, '2022-09-05', '08:00:00.000000', '17:00:00.000000'),
(1396, 10017, '2022-06-09', '08:05:00.000000', '17:00:00.000000'),
(1397, 10017, '2022-09-07', '08:00:00.000000', '17:00:00.000000'),
(1398, 10017, '2022-09-08', '10:00:00.000000', '17:00:00.000000'),
(1399, 10017, '2022-09-09', '08:00:00.000000', '17:00:00.000000'),
(1400, 10017, '2022-09-12', '08:00:00.000000', '17:00:00.000000'),
(1401, 10017, '2022-09-13', '12:00:00.000000', '00:00:00.000000'),
(1402, 10017, '2022-09-14', '08:00:00.000000', '17:00:00.000000'),
(1403, 10017, '2022-09-15', '08:05:00.000000', '17:00:00.000000'),
(1404, 10017, '2022-09-16', '08:00:00.000000', '17:00:00.000000'),
(1405, 10017, '2022-09-19', '12:00:00.000000', '00:00:00.000000'),
(1406, 10017, '2022-09-20', '08:00:00.000000', '17:00:00.000000'),
(1407, 10017, '2022-09-21', '08:00:00.000000', '17:00:00.000000'),
(1408, 10017, '2022-09-22', '08:00:00.000000', '17:00:00.000000'),
(1409, 10017, '2022-09-23', '08:00:00.000000', '17:00:00.000000'),
(1410, 10017, '2022-09-26', '08:05:00.000000', '17:00:00.000000'),
(1411, 10017, '2022-09-27', '12:00:00.000000', '00:00:00.000000'),
(1412, 10017, '2022-09-28', '10:00:00.000000', '17:00:00.000000'),
(1413, 10017, '2022-09-29', '08:00:00.000000', '17:00:00.000000'),
(1414, 10017, '2022-09-30', '08:00:00.000000', '17:00:00.000000'),
(1415, 10017, '2022-10-03', '08:00:00.000000', '17:00:00.000000'),
(1416, 10017, '2022-10-04', '08:00:00.000000', '17:00:00.000000'),
(1417, 10017, '2022-10-05', '08:05:00.000000', '17:00:00.000000'),
(1418, 10017, '2022-10-06', '08:00:00.000000', '17:00:00.000000'),
(1419, 10017, '2022-10-07', '10:00:00.000000', '17:00:00.000000'),
(1420, 10017, '2022-10-10', '08:00:00.000000', '17:00:00.000000'),
(1421, 10017, '2022-10-11', '08:00:00.000000', '17:00:00.000000'),
(1422, 10017, '2022-10-12', '08:00:00.000000', '17:00:00.000000'),
(1423, 10017, '2022-10-13', '08:00:00.000000', '17:00:00.000000'),
(1424, 10017, '2022-10-14', '08:05:00.000000', '17:00:00.000000'),
(1425, 10017, '2022-10-17', '08:00:00.000000', '17:00:00.000000'),
(1426, 10017, '2022-10-18', '10:00:00.000000', '17:00:00.000000'),
(1427, 10017, '2022-10-19', '08:00:00.000000', '17:00:00.000000'),
(1428, 10017, '2022-10-20', '08:00:00.000000', '17:00:00.000000'),
(1429, 10017, '2022-10-21', '08:00:00.000000', '17:00:00.000000'),
(1430, 10017, '2022-10-24', '08:00:00.000000', '17:00:00.000000'),
(1431, 10017, '2022-10-25', '08:05:00.000000', '17:00:00.000000'),
(1432, 10017, '2022-10-26', '08:00:00.000000', '17:00:00.000000'),
(1433, 10017, '2022-10-27', '10:00:00.000000', '17:00:00.000000'),
(1434, 10017, '2022-10-28', '08:00:00.000000', '17:00:00.000000'),
(1435, 10017, '2022-10-31', '08:00:00.000000', '17:00:00.000000'),
(1436, 10017, '2022-11-01', '12:00:00.000000', '00:00:00.000000'),
(1437, 10017, '2022-11-02', '08:00:00.000000', '17:00:00.000000'),
(1438, 10017, '2022-11-03', '08:05:00.000000', '17:00:00.000000'),
(1439, 10017, '2022-11-04', '08:00:00.000000', '17:00:00.000000'),
(1440, 10017, '2022-11-07', '10:00:00.000000', '17:00:00.000000'),
(1441, 10017, '2022-11-08', '08:00:00.000000', '17:00:00.000000'),
(1442, 10017, '2022-11-09', '08:00:00.000000', '17:00:00.000000'),
(1443, 10017, '2022-11-10', '08:00:00.000000', '17:00:00.000000'),
(1444, 10017, '2022-11-11', '08:00:00.000000', '17:00:00.000000'),
(1445, 10017, '2022-11-14', '08:05:00.000000', '17:00:00.000000'),
(1446, 10017, '2022-11-15', '08:00:00.000000', '17:00:00.000000'),
(1447, 10017, '2022-11-16', '10:00:00.000000', '17:00:00.000000'),
(1448, 10017, '2022-11-17', '08:00:00.000000', '17:00:00.000000'),
(1449, 10017, '2022-11-18', '08:00:00.000000', '17:00:00.000000'),
(1450, 10017, '2022-11-21', '08:00:00.000000', '17:00:00.000000'),
(1451, 10017, '2022-11-22', '08:00:00.000000', '17:00:00.000000'),
(1452, 10017, '2022-11-23', '08:05:00.000000', '17:00:00.000000'),
(1453, 10017, '2022-11-24', '08:00:00.000000', '17:00:00.000000'),
(1454, 10017, '2022-11-25', '10:00:00.000000', '17:00:00.000000'),
(1455, 10017, '2022-11-28', '08:00:00.000000', '17:00:00.000000'),
(1456, 10017, '2022-11-29', '08:00:00.000000', '17:00:00.000000'),
(1457, 10017, '2022-11-30', '12:00:00.000000', '00:00:00.000000'),
(1458, 10017, '2022-01-12', '08:00:00.000000', '17:00:00.000000'),
(1459, 10017, '2022-12-02', '08:05:00.000000', '17:00:00.000000'),
(1460, 10017, '2022-12-05', '08:00:00.000000', '17:00:00.000000'),
(1461, 10017, '2022-12-06', '10:00:00.000000', '17:00:00.000000'),
(1462, 10017, '2022-12-07', '08:00:00.000000', '17:00:00.000000'),
(1463, 10017, '2022-12-08', '12:00:00.000000', '00:00:00.000000'),
(1464, 10017, '2022-12-09', '08:00:00.000000', '17:00:00.000000'),
(1465, 10017, '2022-12-12', '08:00:00.000000', '17:00:00.000000'),
(1466, 10017, '2022-12-13', '08:05:00.000000', '17:00:00.000000'),
(1467, 10017, '2022-12-14', '08:00:00.000000', '17:00:00.000000'),
(1468, 10017, '2022-12-15', '10:00:00.000000', '17:00:00.000000'),
(1469, 10017, '2022-12-16', '08:00:00.000000', '17:00:00.000000'),
(1470, 10017, '2022-12-19', '08:00:00.000000', '17:00:00.000000'),
(1471, 10017, '2022-12-20', '08:00:00.000000', '17:00:00.000000'),
(1472, 10017, '2022-12-21', '08:00:00.000000', '17:00:00.000000'),
(1473, 10017, '2022-12-22', '08:05:00.000000', '17:00:00.000000'),
(1474, 10017, '2022-12-23', '08:00:00.000000', '17:00:00.000000'),
(1475, 10017, '2022-12-26', '10:00:00.000000', '17:00:00.000000'),
(1476, 10017, '2022-12-27', '08:00:00.000000', '17:00:00.000000'),
(1477, 10017, '2022-12-28', '08:00:00.000000', '17:00:00.000000'),
(1478, 10017, '2022-12-29', '08:00:00.000000', '17:00:00.000000'),
(1479, 10017, '2022-12-30', '12:00:00.000000', '00:00:00.000000'),
(1480, 10018, '2022-09-01', '08:00:00.000000', '17:00:00.000000'),
(1481, 10018, '2022-09-02', '08:00:00.000000', '17:00:00.000000'),
(1482, 10018, '2022-09-05', '08:00:00.000000', '17:00:00.000000'),
(1483, 10018, '2022-09-06', '08:00:00.000000', '17:00:00.000000'),
(1484, 10018, '2022-09-07', '08:00:00.000000', '17:00:00.000000'),
(1485, 10018, '2022-09-08', '10:00:00.000000', '17:00:00.000000'),
(1486, 10018, '2022-09-09', '08:00:00.000000', '17:00:00.000000'),
(1487, 10018, '2022-09-12', '08:00:00.000000', '17:00:00.000000'),
(1488, 10018, '2022-09-13', '08:00:00.000000', '17:00:00.000000'),
(1489, 10018, '2022-09-14', '08:00:00.000000', '17:00:00.000000'),
(1490, 10018, '2022-09-15', '08:00:00.000000', '17:00:00.000000'),
(1491, 10018, '2022-09-16', '08:00:00.000000', '17:00:00.000000'),
(1492, 10018, '2022-09-19', '10:00:00.000000', '17:00:00.000000'),
(1493, 10018, '2022-09-20', '12:00:00.000000', '00:00:00.000000'),
(1494, 10018, '2022-09-21', '12:00:00.000000', '00:00:00.000000'),
(1495, 10018, '2022-09-22', '08:00:00.000000', '17:00:00.000000'),
(1496, 10018, '2022-09-23', '08:00:00.000000', '17:00:00.000000'),
(1497, 10018, '2022-09-26', '08:00:00.000000', '17:00:00.000000'),
(1498, 10018, '2022-09-27', '08:00:00.000000', '17:00:00.000000'),
(1499, 10018, '2022-09-28', '10:00:00.000000', '17:00:00.000000'),
(1500, 10018, '2022-09-29', '08:00:00.000000', '17:00:00.000000'),
(1501, 10018, '2022-09-30', '08:00:00.000000', '17:00:00.000000'),
(1502, 10018, '2022-10-03', '08:00:00.000000', '17:00:00.000000'),
(1503, 10018, '2022-10-04', '08:00:00.000000', '17:00:00.000000'),
(1504, 10018, '2022-10-05', '08:00:00.000000', '17:00:00.000000'),
(1505, 10018, '2022-10-06', '08:00:00.000000', '17:00:00.000000'),
(1506, 10018, '2022-10-07', '10:00:00.000000', '17:00:00.000000'),
(1507, 10018, '2022-10-10', '08:00:00.000000', '17:00:00.000000'),
(1508, 10018, '2022-10-11', '08:00:00.000000', '17:00:00.000000'),
(1509, 10018, '2022-10-12', '08:00:00.000000', '17:00:00.000000'),
(1510, 10018, '2022-10-13', '08:00:00.000000', '17:00:00.000000'),
(1511, 10018, '2022-10-14', '08:00:00.000000', '17:00:00.000000'),
(1512, 10018, '2022-10-17', '08:00:00.000000', '17:00:00.000000'),
(1513, 10018, '2022-10-18', '10:00:00.000000', '17:00:00.000000'),
(1514, 10018, '2022-10-19', '08:00:00.000000', '17:00:00.000000'),
(1515, 10018, '2022-10-20', '08:00:00.000000', '17:00:00.000000'),
(1516, 10018, '2022-10-21', '08:00:00.000000', '17:00:00.000000'),
(1517, 10018, '2022-10-24', '08:00:00.000000', '17:00:00.000000'),
(1518, 10018, '2022-10-25', '08:00:00.000000', '17:00:00.000000'),
(1519, 10018, '2022-10-26', '08:00:00.000000', '17:00:00.000000'),
(1520, 10018, '2022-10-27', '12:00:00.000000', '00:00:00.000000'),
(1521, 10018, '2022-10-28', '08:00:00.000000', '17:00:00.000000'),
(1522, 10018, '2022-10-31', '08:00:00.000000', '17:00:00.000000'),
(1523, 10018, '2022-11-01', '12:00:00.000000', '00:00:00.000000'),
(1524, 10018, '2022-11-02', '08:00:00.000000', '17:00:00.000000'),
(1525, 10018, '2022-11-03', '08:00:00.000000', '17:00:00.000000'),
(1526, 10018, '2022-11-04', '08:00:00.000000', '17:00:00.000000'),
(1527, 10018, '2022-11-07', '10:00:00.000000', '17:00:00.000000'),
(1528, 10018, '2022-11-08', '08:00:00.000000', '17:00:00.000000'),
(1529, 10018, '2022-11-09', '08:00:00.000000', '17:00:00.000000'),
(1530, 10018, '2022-11-10', '08:00:00.000000', '17:00:00.000000'),
(1531, 10018, '2022-11-11', '08:00:00.000000', '17:00:00.000000'),
(1532, 10018, '2022-11-14', '08:00:00.000000', '17:00:00.000000'),
(1533, 10018, '2022-11-15', '08:00:00.000000', '17:00:00.000000'),
(1534, 10018, '2022-11-16', '10:00:00.000000', '17:00:00.000000'),
(1535, 10018, '2022-11-17', '08:00:00.000000', '17:00:00.000000'),
(1536, 10018, '2022-11-18', '08:00:00.000000', '17:00:00.000000'),
(1537, 10018, '2022-11-21', '08:00:00.000000', '17:00:00.000000'),
(1538, 10018, '2022-11-22', '08:00:00.000000', '17:00:00.000000'),
(1539, 10018, '2022-11-23', '08:00:00.000000', '17:00:00.000000'),
(1540, 10018, '2022-11-24', '08:00:00.000000', '17:00:00.000000'),
(1541, 10018, '2022-11-25', '10:00:00.000000', '17:00:00.000000'),
(1542, 10018, '2022-11-28', '08:00:00.000000', '17:00:00.000000'),
(1543, 10018, '2022-11-29', '08:00:00.000000', '17:00:00.000000'),
(1544, 10018, '2022-11-30', '12:00:00.000000', '00:00:00.000000'),
(1545, 10018, '2022-12-01', '08:00:00.000000', '17:00:00.000000'),
(1546, 10018, '2022-12-02', '08:00:00.000000', '17:00:00.000000'),
(1547, 10018, '2022-12-05', '08:00:00.000000', '17:00:00.000000'),
(1548, 10018, '2022-12-06', '10:00:00.000000', '17:00:00.000000'),
(1549, 10018, '2022-12-07', '08:00:00.000000', '17:00:00.000000'),
(1550, 10018, '2022-12-08', '12:00:00.000000', '00:00:00.000000'),
(1551, 10018, '2022-12-09', '08:00:00.000000', '17:00:00.000000'),
(1552, 10018, '2022-12-12', '08:00:00.000000', '17:00:00.000000');
INSERT INTO `attendancerecord` (`attRecordID`, `employeeID`, `date`, `timeIn`, `timeOut`) VALUES
(1553, 10018, '2022-12-13', '08:00:00.000000', '17:00:00.000000'),
(1554, 10018, '2022-12-14', '08:00:00.000000', '17:00:00.000000'),
(1555, 10018, '2022-12-15', '10:00:00.000000', '17:00:00.000000'),
(1556, 10018, '2022-12-16', '08:00:00.000000', '17:00:00.000000'),
(1557, 10018, '2022-12-19', '08:00:00.000000', '17:00:00.000000'),
(1558, 10018, '2022-12-20', '08:00:00.000000', '17:00:00.000000'),
(1559, 10018, '2022-12-21', '08:00:00.000000', '17:00:00.000000'),
(1560, 10018, '2022-12-22', '08:00:00.000000', '17:00:00.000000'),
(1561, 10018, '2022-12-23', '08:00:00.000000', '17:00:00.000000'),
(1562, 10018, '2022-12-26', '10:00:00.000000', '17:00:00.000000'),
(1563, 10018, '2022-12-27', '08:00:00.000000', '17:00:00.000000'),
(1564, 10018, '2022-12-28', '08:00:00.000000', '17:00:00.000000'),
(1565, 10018, '2022-12-29', '08:00:00.000000', '17:00:00.000000'),
(1566, 10018, '2022-12-30', '12:00:00.000000', '00:00:00.000000'),
(1567, 10019, '2022-09-01', '08:00:00.000000', '17:00:00.000000'),
(1568, 10019, '2022-09-02', '08:00:00.000000', '17:00:00.000000'),
(1569, 10019, '2022-09-05', '08:00:00.000000', '17:00:00.000000'),
(1570, 10019, '2022-09-06', '08:00:00.000000', '17:00:00.000000'),
(1571, 10019, '2022-09-07', '08:00:00.000000', '17:00:00.000000'),
(1572, 10019, '2022-09-08', '10:00:00.000000', '17:00:00.000000'),
(1573, 10019, '2022-09-09', '08:00:00.000000', '17:00:00.000000'),
(1574, 10019, '2022-09-12', '08:00:00.000000', '17:00:00.000000'),
(1575, 10019, '2022-09-13', '08:00:00.000000', '17:00:00.000000'),
(1576, 10019, '2022-09-14', '08:00:00.000000', '17:00:00.000000'),
(1577, 10019, '2022-09-15', '08:00:00.000000', '17:00:00.000000'),
(1578, 10019, '2022-09-16', '08:00:00.000000', '17:00:00.000000'),
(1579, 10019, '2022-09-19', '10:00:00.000000', '17:00:00.000000'),
(1580, 10019, '2022-09-20', '08:00:00.000000', '17:00:00.000000'),
(1581, 10019, '2022-09-21', '08:00:00.000000', '17:00:00.000000'),
(1582, 10019, '2022-09-22', '08:00:00.000000', '17:00:00.000000'),
(1583, 10019, '2022-09-23', '08:00:00.000000', '17:00:00.000000'),
(1584, 10019, '2022-09-26', '08:00:00.000000', '17:00:00.000000'),
(1585, 10019, '2022-09-27', '08:00:00.000000', '17:00:00.000000'),
(1586, 10019, '2022-09-28', '10:00:00.000000', '17:00:00.000000'),
(1587, 10019, '2022-09-29', '08:00:00.000000', '17:00:00.000000'),
(1588, 10019, '2022-09-30', '08:00:00.000000', '17:00:00.000000'),
(1589, 10019, '2022-10-03', '08:00:00.000000', '17:00:00.000000'),
(1590, 10019, '2022-10-04', '08:00:00.000000', '17:00:00.000000'),
(1591, 10019, '2022-10-05', '08:00:00.000000', '17:00:00.000000'),
(1592, 10019, '2022-10-06', '08:00:00.000000', '17:00:00.000000'),
(1593, 10019, '2022-10-07', '10:00:00.000000', '17:00:00.000000'),
(1594, 10019, '2022-10-10', '08:00:00.000000', '17:00:00.000000'),
(1595, 10019, '2022-10-11', '08:00:00.000000', '17:00:00.000000'),
(1596, 10019, '2022-10-12', '08:00:00.000000', '17:00:00.000000'),
(1597, 10019, '2022-10-13', '08:00:00.000000', '17:00:00.000000'),
(1598, 10019, '2022-10-14', '08:00:00.000000', '17:00:00.000000'),
(1599, 10019, '2022-10-17', '08:00:00.000000', '17:00:00.000000'),
(1600, 10019, '2022-10-18', '10:00:00.000000', '17:00:00.000000'),
(1601, 10019, '2022-10-19', '08:00:00.000000', '17:00:00.000000'),
(1602, 10019, '2022-10-20', '08:00:00.000000', '17:00:00.000000'),
(1603, 10019, '2022-10-21', '08:00:00.000000', '17:00:00.000000'),
(1604, 10019, '2022-10-24', '08:00:00.000000', '17:00:00.000000'),
(1605, 10019, '2022-10-25', '08:00:00.000000', '17:00:00.000000'),
(1606, 10019, '2022-10-26', '08:00:00.000000', '17:00:00.000000'),
(1607, 10019, '2022-10-27', '10:00:00.000000', '17:00:00.000000'),
(1608, 10019, '2022-10-28', '08:00:00.000000', '17:00:00.000000'),
(1609, 10019, '2022-10-31', '08:00:00.000000', '17:00:00.000000'),
(1610, 10019, '2022-11-01', '12:00:00.000000', '00:00:00.000000'),
(1611, 10019, '2022-11-02', '08:00:00.000000', '17:00:00.000000'),
(1612, 10019, '2022-11-03', '08:00:00.000000', '17:00:00.000000'),
(1613, 10019, '2022-11-04', '08:00:00.000000', '17:00:00.000000'),
(1614, 10019, '2022-11-07', '10:00:00.000000', '17:00:00.000000'),
(1615, 10019, '2022-11-08', '08:00:00.000000', '17:00:00.000000'),
(1616, 10019, '2022-11-09', '08:00:00.000000', '17:00:00.000000'),
(1617, 10019, '2022-11-10', '08:00:00.000000', '17:00:00.000000'),
(1618, 10019, '2022-11-11', '08:00:00.000000', '17:00:00.000000'),
(1619, 10019, '2022-11-14', '08:00:00.000000', '17:00:00.000000'),
(1620, 10019, '2022-11-15', '08:00:00.000000', '17:00:00.000000'),
(1621, 10019, '2022-11-16', '10:00:00.000000', '17:00:00.000000'),
(1622, 10019, '2022-11-17', '08:00:00.000000', '17:00:00.000000'),
(1623, 10019, '2022-11-18', '08:00:00.000000', '17:00:00.000000'),
(1624, 10019, '2022-11-21', '08:00:00.000000', '17:00:00.000000'),
(1625, 10019, '2022-11-22', '08:00:00.000000', '17:00:00.000000'),
(1626, 10019, '2022-11-23', '08:00:00.000000', '17:00:00.000000'),
(1627, 10019, '2022-11-24', '08:00:00.000000', '17:00:00.000000'),
(1628, 10019, '2022-11-25', '10:00:00.000000', '17:00:00.000000'),
(1629, 10019, '2022-11-28', '08:00:00.000000', '17:00:00.000000'),
(1630, 10019, '2022-11-29', '08:00:00.000000', '17:00:00.000000'),
(1631, 10019, '2022-11-30', '12:00:00.000000', '00:00:00.000000'),
(1632, 10019, '2022-12-01', '08:00:00.000000', '17:00:00.000000'),
(1633, 10019, '2022-12-02', '08:00:00.000000', '17:00:00.000000'),
(1634, 10019, '2022-12-05', '08:00:00.000000', '17:00:00.000000'),
(1635, 10019, '2022-12-06', '10:00:00.000000', '17:00:00.000000'),
(1636, 10019, '2022-12-07', '08:00:00.000000', '17:00:00.000000'),
(1637, 10019, '2022-12-08', '12:00:00.000000', '00:00:00.000000'),
(1638, 10019, '2022-12-09', '08:00:00.000000', '17:00:00.000000'),
(1639, 10019, '2022-12-12', '08:00:00.000000', '17:00:00.000000'),
(1640, 10019, '2022-12-13', '08:00:00.000000', '17:00:00.000000'),
(1641, 10019, '2022-12-14', '08:00:00.000000', '17:00:00.000000'),
(1642, 10019, '2022-12-15', '10:00:00.000000', '17:00:00.000000'),
(1643, 10019, '2022-12-16', '08:00:00.000000', '17:00:00.000000'),
(1644, 10019, '2022-12-19', '08:00:00.000000', '17:00:00.000000'),
(1645, 10019, '2022-12-20', '08:00:00.000000', '17:00:00.000000'),
(1646, 10019, '2022-12-21', '08:00:00.000000', '17:00:00.000000'),
(1647, 10019, '2022-12-22', '08:00:00.000000', '17:00:00.000000'),
(1648, 10019, '2022-12-23', '08:00:00.000000', '17:00:00.000000'),
(1649, 10019, '2022-12-26', '10:00:00.000000', '17:00:00.000000'),
(1650, 10019, '2022-12-27', '08:00:00.000000', '17:00:00.000000'),
(1651, 10019, '2022-12-28', '08:00:00.000000', '17:00:00.000000'),
(1652, 10019, '2022-12-29', '08:00:00.000000', '17:00:00.000000'),
(1653, 10019, '2022-12-30', '12:00:00.000000', '00:00:00.000000'),
(1654, 10020, '2022-09-01', '08:00:00.000000', '17:00:00.000000'),
(1655, 10020, '2022-09-02', '08:00:00.000000', '17:00:00.000000'),
(1656, 10020, '2022-09-05', '08:00:00.000000', '17:00:00.000000'),
(1657, 10020, '2022-09-06', '08:00:00.000000', '17:00:00.000000'),
(1658, 10020, '2022-09-07', '08:00:00.000000', '17:00:00.000000'),
(1659, 10020, '2022-09-08', '10:00:00.000000', '17:00:00.000000'),
(1660, 10020, '2022-09-09', '08:00:00.000000', '17:00:00.000000'),
(1661, 10020, '2022-09-12', '08:00:00.000000', '17:00:00.000000'),
(1662, 10020, '2022-09-13', '08:00:00.000000', '17:00:00.000000'),
(1663, 10020, '2022-09-14', '08:00:00.000000', '17:00:00.000000'),
(1664, 10020, '2022-09-15', '08:00:00.000000', '17:00:00.000000'),
(1665, 10020, '2022-09-16', '08:00:00.000000', '17:00:00.000000'),
(1666, 10020, '2022-09-19', '10:00:00.000000', '17:00:00.000000'),
(1667, 10020, '2022-09-20', '08:00:00.000000', '17:00:00.000000'),
(1668, 10020, '2022-09-21', '08:00:00.000000', '17:00:00.000000'),
(1669, 10020, '2022-09-22', '08:00:00.000000', '17:00:00.000000'),
(1670, 10020, '2022-09-23', '08:00:00.000000', '17:00:00.000000'),
(1671, 10020, '2022-09-26', '08:00:00.000000', '17:00:00.000000'),
(1672, 10020, '2022-09-27', '08:00:00.000000', '17:00:00.000000'),
(1673, 10020, '2022-09-28', '10:00:00.000000', '17:00:00.000000'),
(1674, 10020, '2022-09-29', '08:00:00.000000', '17:00:00.000000'),
(1675, 10020, '2022-09-30', '08:00:00.000000', '17:00:00.000000'),
(1676, 10020, '2022-10-03', '08:00:00.000000', '17:00:00.000000'),
(1677, 10020, '2022-10-04', '08:00:00.000000', '17:00:00.000000'),
(1678, 10020, '2022-10-05', '08:00:00.000000', '17:00:00.000000'),
(1679, 10020, '2022-10-06', '08:00:00.000000', '17:00:00.000000'),
(1680, 10020, '2022-10-07', '10:00:00.000000', '17:00:00.000000'),
(1681, 10020, '2022-10-10', '08:00:00.000000', '17:00:00.000000'),
(1682, 10020, '2022-10-11', '08:00:00.000000', '17:00:00.000000'),
(1683, 10020, '2022-10-12', '08:00:00.000000', '17:00:00.000000'),
(1684, 10020, '2022-10-13', '08:00:00.000000', '17:00:00.000000'),
(1685, 10020, '2022-10-14', '08:00:00.000000', '17:00:00.000000'),
(1686, 10020, '2022-10-17', '08:00:00.000000', '17:00:00.000000'),
(1687, 10020, '2022-10-18', '10:00:00.000000', '17:00:00.000000'),
(1688, 10020, '2022-10-19', '08:00:00.000000', '17:00:00.000000'),
(1689, 10020, '2022-10-20', '08:00:00.000000', '17:00:00.000000'),
(1690, 10020, '2022-10-21', '08:00:00.000000', '17:00:00.000000'),
(1691, 10020, '2022-10-24', '08:00:00.000000', '17:00:00.000000'),
(1692, 10020, '2022-10-25', '08:00:00.000000', '17:00:00.000000'),
(1693, 10020, '2022-10-26', '08:00:00.000000', '17:00:00.000000'),
(1694, 10020, '2022-10-27', '10:00:00.000000', '17:00:00.000000'),
(1695, 10020, '2022-10-28', '08:00:00.000000', '17:00:00.000000'),
(1696, 10020, '2022-10-31', '08:00:00.000000', '17:00:00.000000'),
(1697, 10020, '2022-11-01', '12:00:00.000000', '00:00:00.000000'),
(1698, 10020, '2022-11-02', '08:00:00.000000', '17:00:00.000000'),
(1699, 10020, '2022-11-03', '08:00:00.000000', '17:00:00.000000'),
(1700, 10020, '2022-11-04', '08:00:00.000000', '17:00:00.000000'),
(1701, 10020, '2022-11-07', '10:00:00.000000', '17:00:00.000000'),
(1702, 10020, '2022-11-08', '08:00:00.000000', '17:00:00.000000'),
(1703, 10020, '2022-11-09', '08:00:00.000000', '17:00:00.000000'),
(1704, 10020, '2022-11-10', '08:00:00.000000', '17:00:00.000000'),
(1705, 10020, '2022-11-11', '08:00:00.000000', '17:00:00.000000'),
(1706, 10020, '2022-11-14', '08:00:00.000000', '17:00:00.000000'),
(1707, 10020, '2022-11-15', '08:00:00.000000', '17:00:00.000000'),
(1708, 10020, '2022-11-16', '10:00:00.000000', '17:00:00.000000'),
(1709, 10020, '2022-11-17', '08:00:00.000000', '17:00:00.000000'),
(1710, 10020, '2022-11-18', '08:00:00.000000', '17:00:00.000000'),
(1711, 10020, '2022-11-21', '08:00:00.000000', '17:00:00.000000'),
(1712, 10020, '2022-11-22', '08:00:00.000000', '17:00:00.000000'),
(1713, 10020, '2022-11-23', '08:00:00.000000', '17:00:00.000000'),
(1714, 10020, '2022-11-24', '08:00:00.000000', '17:00:00.000000'),
(1715, 10020, '2022-11-25', '10:00:00.000000', '17:00:00.000000'),
(1716, 10020, '2022-11-28', '08:00:00.000000', '17:00:00.000000'),
(1717, 10020, '2022-11-29', '08:00:00.000000', '17:00:00.000000'),
(1718, 10020, '2022-11-30', '12:00:00.000000', '00:00:00.000000'),
(1719, 10020, '2022-12-01', '08:00:00.000000', '17:00:00.000000'),
(1720, 10020, '2022-12-02', '08:00:00.000000', '17:00:00.000000'),
(1721, 10020, '2022-12-05', '08:00:00.000000', '17:00:00.000000'),
(1722, 10020, '2022-12-06', '10:00:00.000000', '17:00:00.000000'),
(1723, 10020, '2022-12-07', '08:00:00.000000', '17:00:00.000000'),
(1724, 10020, '2022-12-08', '12:00:00.000000', '00:00:00.000000'),
(1725, 10020, '2022-12-09', '08:00:00.000000', '17:00:00.000000'),
(1726, 10020, '2022-12-12', '08:00:00.000000', '17:00:00.000000'),
(1727, 10020, '2022-12-13', '08:00:00.000000', '17:00:00.000000'),
(1728, 10020, '2022-12-14', '08:00:00.000000', '17:00:00.000000'),
(1729, 10020, '2022-12-15', '10:00:00.000000', '17:00:00.000000'),
(1730, 10020, '2022-12-16', '08:00:00.000000', '17:00:00.000000'),
(1731, 10020, '2022-12-19', '08:00:00.000000', '17:00:00.000000'),
(1732, 10020, '2022-12-20', '08:00:00.000000', '17:00:00.000000'),
(1733, 10020, '2022-12-21', '08:00:00.000000', '17:00:00.000000'),
(1734, 10020, '2022-12-22', '08:00:00.000000', '17:00:00.000000'),
(1735, 10020, '2022-12-23', '08:00:00.000000', '17:00:00.000000'),
(1736, 10020, '2022-12-26', '10:00:00.000000', '17:00:00.000000'),
(1737, 10020, '2022-12-27', '08:00:00.000000', '17:00:00.000000'),
(1738, 10020, '2022-12-28', '08:00:00.000000', '17:00:00.000000'),
(1739, 10020, '2022-12-29', '08:00:00.000000', '17:00:00.000000'),
(1740, 10020, '2022-12-30', '12:00:00.000000', '00:00:00.000000'),
(1741, 10021, '2022-09-01', '08:11:00.000000', '17:00:00.000000'),
(1742, 10021, '2022-09-02', '08:00:00.000000', '17:00:00.000000'),
(1743, 10021, '2022-09-05', '01:00:00.000000', '17:00:00.000000'),
(1744, 10021, '2022-09-06', '08:00:00.000000', '17:00:00.000000'),
(1745, 10021, '2022-09-07', '08:00:00.000000', '17:00:00.000000'),
(1746, 10021, '2022-09-08', '10:00:00.000000', '17:00:00.000000'),
(1747, 10021, '2022-09-09', '08:00:00.000000', '17:00:00.000000'),
(1748, 10021, '2022-09-12', '08:11:00.000000', '17:00:00.000000'),
(1749, 10021, '2022-09-13', '08:00:00.000000', '17:00:00.000000'),
(1750, 10021, '2022-09-14', '01:00:00.000000', '17:00:00.000000'),
(1751, 10021, '2022-09-15', '08:00:00.000000', '17:00:00.000000'),
(1752, 10021, '2022-09-16', '08:00:00.000000', '17:00:00.000000'),
(1753, 10021, '2022-09-19', '10:00:00.000000', '17:00:00.000000'),
(1754, 10021, '2022-09-20', '08:00:00.000000', '17:00:00.000000'),
(1755, 10021, '2022-09-21', '08:11:00.000000', '17:00:00.000000'),
(1756, 10021, '2022-09-22', '08:00:00.000000', '17:00:00.000000'),
(1757, 10021, '2022-09-23', '01:00:00.000000', '17:00:00.000000'),
(1758, 10021, '2022-09-26', '08:00:00.000000', '17:00:00.000000'),
(1759, 10021, '2022-09-27', '08:00:00.000000', '17:00:00.000000'),
(1760, 10021, '2022-09-28', '10:00:00.000000', '17:00:00.000000'),
(1761, 10021, '2022-09-29', '08:00:00.000000', '17:00:00.000000'),
(1762, 10021, '2022-09-30', '08:11:00.000000', '17:00:00.000000'),
(1763, 10021, '2022-10-03', '08:00:00.000000', '17:00:00.000000'),
(1764, 10021, '2022-10-04', '01:00:00.000000', '17:00:00.000000'),
(1765, 10021, '2022-10-05', '08:00:00.000000', '17:00:00.000000'),
(1766, 10021, '2022-10-06', '08:00:00.000000', '17:00:00.000000'),
(1767, 10021, '2022-10-07', '10:00:00.000000', '17:00:00.000000'),
(1768, 10021, '2022-10-10', '08:00:00.000000', '17:00:00.000000'),
(1769, 10021, '2022-10-11', '08:11:00.000000', '17:00:00.000000'),
(1770, 10021, '2022-10-12', '08:00:00.000000', '17:00:00.000000'),
(1771, 10021, '2022-10-13', '01:00:00.000000', '17:00:00.000000'),
(1772, 10021, '2022-10-14', '08:00:00.000000', '17:00:00.000000'),
(1773, 10021, '2022-10-17', '08:00:00.000000', '17:00:00.000000'),
(1774, 10021, '2022-10-18', '10:00:00.000000', '17:00:00.000000'),
(1775, 10021, '2022-10-19', '08:00:00.000000', '17:00:00.000000'),
(1776, 10021, '2022-10-20', '08:11:00.000000', '17:00:00.000000'),
(1777, 10021, '2022-10-21', '08:00:00.000000', '17:00:00.000000'),
(1778, 10021, '2022-10-24', '01:00:00.000000', '17:00:00.000000'),
(1779, 10021, '2022-10-25', '08:00:00.000000', '17:00:00.000000'),
(1780, 10021, '2022-10-26', '08:00:00.000000', '17:00:00.000000'),
(1781, 10021, '2022-10-27', '10:00:00.000000', '17:00:00.000000'),
(1782, 10021, '2022-10-28', '08:00:00.000000', '17:00:00.000000'),
(1783, 10021, '2022-10-31', '08:11:00.000000', '17:00:00.000000'),
(1784, 10021, '2022-11-01', '12:00:00.000000', '00:00:00.000000'),
(1785, 10021, '2022-11-02', '01:00:00.000000', '17:00:00.000000'),
(1786, 10021, '2022-11-03', '08:00:00.000000', '17:00:00.000000'),
(1787, 10021, '2022-11-04', '08:00:00.000000', '17:00:00.000000'),
(1788, 10021, '2022-11-07', '10:00:00.000000', '17:00:00.000000'),
(1789, 10021, '2022-11-08', '08:00:00.000000', '17:00:00.000000'),
(1790, 10021, '2022-11-09', '08:11:00.000000', '17:00:00.000000'),
(1791, 10021, '2022-11-10', '08:00:00.000000', '17:00:00.000000'),
(1792, 10021, '2022-11-11', '01:00:00.000000', '17:00:00.000000'),
(1793, 10021, '2022-11-14', '08:00:00.000000', '17:00:00.000000'),
(1794, 10021, '2022-11-15', '08:00:00.000000', '17:00:00.000000'),
(1795, 10021, '2022-11-16', '10:00:00.000000', '17:00:00.000000'),
(1796, 10021, '2022-11-17', '08:00:00.000000', '17:00:00.000000'),
(1797, 10021, '2022-11-18', '08:11:00.000000', '17:00:00.000000'),
(1798, 10021, '2022-11-21', '08:00:00.000000', '17:00:00.000000'),
(1799, 10021, '2022-11-22', '01:00:00.000000', '17:00:00.000000'),
(1800, 10021, '2022-11-23', '08:00:00.000000', '17:00:00.000000'),
(1801, 10021, '2022-11-24', '08:00:00.000000', '17:00:00.000000'),
(1802, 10021, '2022-11-25', '10:00:00.000000', '17:00:00.000000'),
(1803, 10021, '2022-11-28', '08:00:00.000000', '17:00:00.000000'),
(1804, 10021, '2022-11-29', '08:11:00.000000', '17:00:00.000000'),
(1805, 10021, '2022-11-30', '12:00:00.000000', '00:00:00.000000'),
(1806, 10021, '2022-12-01', '01:00:00.000000', '17:00:00.000000'),
(1807, 10021, '2022-12-02', '08:00:00.000000', '17:00:00.000000'),
(1808, 10021, '2022-12-05', '08:00:00.000000', '17:00:00.000000'),
(1809, 10021, '2022-12-06', '10:00:00.000000', '17:00:00.000000'),
(1810, 10021, '2022-12-07', '08:00:00.000000', '17:00:00.000000'),
(1811, 10021, '2022-12-08', '12:00:00.000000', '00:00:00.000000'),
(1812, 10021, '2022-12-09', '08:00:00.000000', '17:00:00.000000'),
(1813, 10021, '2022-12-12', '01:00:00.000000', '17:00:00.000000'),
(1814, 10021, '2022-12-13', '08:00:00.000000', '17:00:00.000000'),
(1815, 10021, '2022-12-14', '08:00:00.000000', '17:00:00.000000'),
(1816, 10021, '2022-12-15', '10:00:00.000000', '17:00:00.000000'),
(1817, 10021, '2022-12-16', '08:00:00.000000', '17:00:00.000000'),
(1818, 10021, '2022-12-19', '08:11:00.000000', '17:00:00.000000'),
(1819, 10021, '2022-12-20', '08:00:00.000000', '17:00:00.000000'),
(1820, 10021, '2022-12-21', '01:00:00.000000', '17:00:00.000000'),
(1821, 10021, '2022-12-22', '08:00:00.000000', '17:00:00.000000'),
(1822, 10021, '2022-12-23', '08:00:00.000000', '17:00:00.000000'),
(1823, 10021, '2022-12-26', '10:00:00.000000', '17:00:00.000000'),
(1824, 10021, '2022-12-27', '08:00:00.000000', '17:00:00.000000'),
(1825, 10021, '2022-12-28', '08:11:00.000000', '17:00:00.000000'),
(1826, 10021, '2022-12-29', '08:00:00.000000', '17:00:00.000000'),
(1827, 10021, '2022-12-30', '12:00:00.000000', '00:00:00.000000'),
(1828, 10022, '2022-09-01', '08:00:00.000000', '17:00:00.000000'),
(1829, 10022, '2022-09-02', '08:00:00.000000', '17:00:00.000000'),
(1830, 10022, '2022-09-05', '08:00:00.000000', '17:00:00.000000'),
(1831, 10022, '2022-09-06', '08:00:00.000000', '17:00:00.000000'),
(1832, 10022, '2022-09-07', '08:00:00.000000', '17:00:00.000000'),
(1833, 10022, '2022-09-08', '10:00:00.000000', '17:00:00.000000'),
(1834, 10022, '2022-09-09', '08:00:00.000000', '17:00:00.000000'),
(1835, 10022, '2022-09-12', '08:00:00.000000', '17:00:00.000000'),
(1836, 10022, '2022-09-13', '08:00:00.000000', '17:00:00.000000'),
(1837, 10022, '2022-09-14', '08:00:00.000000', '17:00:00.000000'),
(1838, 10022, '2022-09-15', '08:00:00.000000', '17:00:00.000000'),
(1839, 10022, '2022-09-16', '08:00:00.000000', '17:00:00.000000'),
(1840, 10022, '2022-09-19', '10:00:00.000000', '17:00:00.000000'),
(1841, 10022, '2022-09-20', '08:00:00.000000', '17:00:00.000000'),
(1842, 10022, '2022-09-21', '08:00:00.000000', '17:00:00.000000'),
(1843, 10022, '2022-09-22', '08:00:00.000000', '17:00:00.000000'),
(1844, 10022, '2022-09-23', '08:00:00.000000', '17:00:00.000000'),
(1845, 10022, '2022-09-26', '08:00:00.000000', '17:00:00.000000'),
(1846, 10022, '2022-09-27', '08:00:00.000000', '17:00:00.000000'),
(1847, 10022, '2022-09-28', '10:00:00.000000', '17:00:00.000000'),
(1848, 10022, '2022-09-29', '08:00:00.000000', '17:00:00.000000'),
(1849, 10022, '2022-09-30', '08:00:00.000000', '17:00:00.000000'),
(1850, 10022, '2022-10-03', '08:00:00.000000', '17:00:00.000000'),
(1851, 10022, '2022-10-04', '08:00:00.000000', '17:00:00.000000'),
(1852, 10022, '2022-10-05', '08:00:00.000000', '17:00:00.000000'),
(1853, 10022, '2022-10-06', '08:00:00.000000', '17:00:00.000000'),
(1854, 10022, '2022-10-07', '10:00:00.000000', '17:00:00.000000'),
(1855, 10022, '2022-10-10', '08:00:00.000000', '17:00:00.000000'),
(1856, 10022, '2022-10-11', '08:00:00.000000', '17:00:00.000000'),
(1857, 10022, '2022-10-12', '08:00:00.000000', '17:00:00.000000'),
(1858, 10022, '2022-10-13', '08:00:00.000000', '17:00:00.000000'),
(1859, 10022, '2022-10-14', '08:00:00.000000', '17:00:00.000000'),
(1860, 10022, '2022-10-17', '08:00:00.000000', '17:00:00.000000'),
(1861, 10022, '2022-10-18', '10:00:00.000000', '17:00:00.000000'),
(1862, 10022, '2022-10-19', '08:00:00.000000', '17:00:00.000000'),
(1863, 10022, '2022-10-20', '08:00:00.000000', '17:00:00.000000'),
(1864, 10022, '2022-10-21', '08:00:00.000000', '17:00:00.000000'),
(1865, 10022, '2022-10-24', '08:00:00.000000', '17:00:00.000000'),
(1866, 10022, '2022-10-25', '08:00:00.000000', '17:00:00.000000'),
(1867, 10022, '2022-10-26', '08:00:00.000000', '17:00:00.000000'),
(1868, 10022, '2022-10-27', '10:00:00.000000', '17:00:00.000000'),
(1869, 10022, '2022-10-28', '08:00:00.000000', '17:00:00.000000'),
(1870, 10022, '2022-10-31', '08:00:00.000000', '17:00:00.000000'),
(1871, 10022, '2022-11-01', '12:00:00.000000', '00:00:00.000000'),
(1872, 10022, '2022-11-02', '08:00:00.000000', '17:00:00.000000'),
(1873, 10022, '2022-11-03', '08:00:00.000000', '17:00:00.000000'),
(1874, 10022, '2022-11-04', '08:00:00.000000', '17:00:00.000000'),
(1875, 10022, '2022-11-07', '10:00:00.000000', '17:00:00.000000'),
(1876, 10022, '2022-11-08', '08:00:00.000000', '17:00:00.000000'),
(1877, 10022, '2022-11-09', '08:00:00.000000', '17:00:00.000000'),
(1878, 10022, '2022-11-10', '08:00:00.000000', '17:00:00.000000'),
(1879, 10022, '2022-11-11', '08:00:00.000000', '17:00:00.000000'),
(1880, 10022, '2022-11-14', '08:00:00.000000', '17:00:00.000000'),
(1881, 10022, '2022-11-15', '08:00:00.000000', '17:00:00.000000'),
(1882, 10022, '2022-11-16', '10:00:00.000000', '17:00:00.000000'),
(1883, 10022, '2022-11-17', '08:00:00.000000', '17:00:00.000000'),
(1884, 10022, '2022-11-18', '08:00:00.000000', '17:00:00.000000'),
(1885, 10022, '2022-11-21', '08:00:00.000000', '17:00:00.000000'),
(1886, 10022, '2022-11-22', '08:00:00.000000', '17:00:00.000000'),
(1887, 10022, '2022-11-23', '08:00:00.000000', '17:00:00.000000'),
(1888, 10022, '2022-11-24', '08:00:00.000000', '17:00:00.000000'),
(1889, 10022, '2022-11-25', '10:00:00.000000', '17:00:00.000000'),
(1890, 10022, '2022-11-28', '08:00:00.000000', '17:00:00.000000'),
(1891, 10022, '2022-11-29', '08:00:00.000000', '17:00:00.000000'),
(1892, 10022, '2022-11-30', '12:00:00.000000', '00:00:00.000000'),
(1893, 10022, '2022-12-01', '08:00:00.000000', '17:00:00.000000'),
(1894, 10022, '2022-12-02', '08:00:00.000000', '17:00:00.000000'),
(1895, 10022, '2022-12-05', '08:00:00.000000', '17:00:00.000000'),
(1896, 10022, '2022-12-06', '10:00:00.000000', '17:00:00.000000'),
(1897, 10022, '2022-12-07', '08:00:00.000000', '17:00:00.000000'),
(1898, 10022, '2022-12-08', '12:00:00.000000', '00:00:00.000000'),
(1899, 10022, '2022-12-09', '08:00:00.000000', '17:00:00.000000'),
(1900, 10022, '2022-12-12', '08:00:00.000000', '17:00:00.000000'),
(1901, 10022, '2022-12-13', '08:00:00.000000', '17:00:00.000000'),
(1902, 10022, '2022-12-14', '08:00:00.000000', '17:00:00.000000'),
(1903, 10022, '2022-12-15', '10:00:00.000000', '17:00:00.000000'),
(1904, 10022, '2022-12-16', '08:00:00.000000', '17:00:00.000000'),
(1905, 10022, '2022-12-19', '08:00:00.000000', '17:00:00.000000'),
(1906, 10022, '2022-12-20', '08:00:00.000000', '17:00:00.000000'),
(1907, 10022, '2022-12-21', '08:00:00.000000', '17:00:00.000000'),
(1908, 10022, '2022-12-22', '08:00:00.000000', '17:00:00.000000'),
(1909, 10022, '2022-12-23', '08:00:00.000000', '17:00:00.000000'),
(1910, 10022, '2022-12-26', '10:00:00.000000', '17:00:00.000000'),
(1911, 10022, '2022-12-27', '08:00:00.000000', '17:00:00.000000'),
(1912, 10022, '2022-12-28', '08:00:00.000000', '17:00:00.000000'),
(1913, 10022, '2022-12-29', '08:00:00.000000', '17:00:00.000000'),
(1914, 10022, '2022-12-30', '12:00:00.000000', '00:00:00.000000'),
(1915, 10023, '2022-09-01', '08:00:00.000000', '17:00:00.000000'),
(1916, 10023, '2022-09-02', '08:00:00.000000', '17:00:00.000000'),
(1917, 10023, '2022-09-05', '08:00:00.000000', '17:00:00.000000'),
(1918, 10023, '2022-09-06', '09:00:00.000000', '17:00:00.000000'),
(1919, 10023, '2022-09-07', '08:00:00.000000', '17:00:00.000000'),
(1920, 10023, '2022-09-08', '10:00:00.000000', '17:00:00.000000'),
(1921, 10023, '2022-09-09', '08:00:00.000000', '17:00:00.000000'),
(1922, 10023, '2022-09-12', '08:00:00.000000', '17:00:00.000000'),
(1923, 10023, '2022-09-13', '08:00:00.000000', '17:00:00.000000'),
(1924, 10023, '2022-09-14', '08:00:00.000000', '17:00:00.000000'),
(1925, 10023, '2022-09-15', '09:00:00.000000', '17:00:00.000000'),
(1926, 10023, '2022-09-16', '08:00:00.000000', '17:00:00.000000'),
(1927, 10023, '2022-09-19', '10:00:00.000000', '17:00:00.000000'),
(1928, 10023, '2022-09-20', '08:00:00.000000', '17:00:00.000000'),
(1929, 10023, '2022-09-21', '08:00:00.000000', '17:00:00.000000'),
(1930, 10023, '2022-09-22', '08:00:00.000000', '17:00:00.000000'),
(1931, 10023, '2022-09-23', '08:00:00.000000', '17:00:00.000000'),
(1932, 10023, '2022-09-26', '09:00:00.000000', '17:00:00.000000'),
(1933, 10023, '2022-09-27', '08:00:00.000000', '17:00:00.000000'),
(1934, 10023, '2022-09-28', '10:00:00.000000', '17:00:00.000000'),
(1935, 10023, '2022-09-29', '08:00:00.000000', '17:00:00.000000'),
(1936, 10023, '2022-09-30', '08:00:00.000000', '17:00:00.000000'),
(1937, 10023, '2022-10-03', '08:00:00.000000', '17:00:00.000000'),
(1938, 10023, '2022-10-04', '08:00:00.000000', '17:00:00.000000'),
(1939, 10023, '2022-10-05', '09:00:00.000000', '17:00:00.000000'),
(1940, 10023, '2022-10-06', '08:00:00.000000', '17:00:00.000000'),
(1941, 10023, '2022-10-07', '10:00:00.000000', '17:00:00.000000'),
(1942, 10023, '2022-10-10', '08:00:00.000000', '17:00:00.000000'),
(1943, 10023, '2022-10-11', '08:00:00.000000', '17:00:00.000000'),
(1944, 10023, '2022-10-12', '08:00:00.000000', '17:00:00.000000'),
(1945, 10023, '2022-10-13', '08:00:00.000000', '17:00:00.000000'),
(1946, 10023, '2022-10-14', '09:00:00.000000', '17:00:00.000000'),
(1947, 10023, '2022-10-17', '08:00:00.000000', '17:00:00.000000'),
(1948, 10023, '2022-10-18', '10:00:00.000000', '17:00:00.000000'),
(1949, 10023, '2022-10-19', '08:00:00.000000', '17:00:00.000000'),
(1950, 10023, '2022-10-20', '08:00:00.000000', '17:00:00.000000'),
(1951, 10023, '2022-10-21', '08:00:00.000000', '17:00:00.000000'),
(1952, 10023, '2022-10-24', '08:00:00.000000', '17:00:00.000000'),
(1953, 10023, '2022-10-25', '09:00:00.000000', '17:00:00.000000'),
(1954, 10023, '2022-10-26', '08:00:00.000000', '17:00:00.000000'),
(1955, 10023, '2022-10-27', '10:00:00.000000', '17:00:00.000000'),
(1956, 10023, '2022-10-28', '08:00:00.000000', '17:00:00.000000'),
(1957, 10023, '2022-10-31', '08:00:00.000000', '17:00:00.000000'),
(1958, 10023, '2022-11-01', '12:00:00.000000', '00:00:00.000000'),
(1959, 10023, '2022-11-02', '08:00:00.000000', '17:00:00.000000'),
(1960, 10023, '2022-11-03', '09:00:00.000000', '17:00:00.000000'),
(1961, 10023, '2022-11-04', '12:00:00.000000', '00:00:00.000000'),
(1962, 10023, '2022-11-07', '10:00:00.000000', '17:00:00.000000'),
(1963, 10023, '2022-11-08', '08:00:00.000000', '17:00:00.000000'),
(1964, 10023, '2022-11-09', '08:00:00.000000', '17:00:00.000000'),
(1965, 10023, '2022-11-10', '08:00:00.000000', '17:00:00.000000'),
(1966, 10023, '2022-11-11', '08:00:00.000000', '17:00:00.000000'),
(1967, 10023, '2022-11-14', '09:00:00.000000', '17:00:00.000000'),
(1968, 10023, '2022-11-15', '08:00:00.000000', '17:00:00.000000'),
(1969, 10023, '2022-11-16', '10:00:00.000000', '17:00:00.000000'),
(1970, 10023, '2022-11-17', '08:00:00.000000', '17:00:00.000000'),
(1971, 10023, '2022-11-18', '08:00:00.000000', '17:00:00.000000'),
(1972, 10023, '2022-11-21', '08:00:00.000000', '17:00:00.000000'),
(1973, 10023, '2022-11-22', '08:00:00.000000', '17:00:00.000000'),
(1974, 10023, '2022-11-23', '09:00:00.000000', '17:00:00.000000'),
(1975, 10023, '2022-11-24', '08:00:00.000000', '17:00:00.000000'),
(1976, 10023, '2022-11-25', '10:00:00.000000', '17:00:00.000000'),
(1977, 10023, '2022-11-28', '08:00:00.000000', '17:00:00.000000'),
(1978, 10023, '2022-11-29', '08:00:00.000000', '17:00:00.000000'),
(1979, 10023, '2022-11-30', '12:00:00.000000', '00:00:00.000000'),
(1980, 10023, '2022-12-01', '08:00:00.000000', '17:00:00.000000'),
(1981, 10023, '2022-12-02', '09:00:00.000000', '17:00:00.000000'),
(1982, 10023, '2022-12-05', '08:00:00.000000', '17:00:00.000000'),
(1983, 10023, '2022-12-06', '10:00:00.000000', '17:00:00.000000'),
(1984, 10023, '2022-12-07', '08:00:00.000000', '17:00:00.000000'),
(1985, 10023, '2022-12-08', '12:00:00.000000', '00:00:00.000000'),
(1986, 10023, '2022-12-09', '08:00:00.000000', '17:00:00.000000'),
(1987, 10023, '2022-12-12', '08:00:00.000000', '17:00:00.000000'),
(1988, 10023, '2022-12-13', '09:00:00.000000', '17:00:00.000000'),
(1989, 10023, '2022-12-14', '08:00:00.000000', '17:00:00.000000'),
(1990, 10023, '2022-12-15', '10:00:00.000000', '17:00:00.000000'),
(1991, 10023, '2022-12-16', '08:00:00.000000', '17:00:00.000000'),
(1992, 10023, '2022-12-19', '08:00:00.000000', '17:00:00.000000'),
(1993, 10023, '2022-12-20', '08:00:00.000000', '17:00:00.000000'),
(1994, 10023, '2022-12-21', '08:00:00.000000', '17:00:00.000000'),
(1995, 10023, '2022-12-22', '09:00:00.000000', '17:00:00.000000'),
(1996, 10023, '2022-12-23', '08:00:00.000000', '17:00:00.000000'),
(1997, 10023, '2022-12-26', '10:00:00.000000', '17:00:00.000000'),
(1998, 10023, '2022-12-27', '08:00:00.000000', '17:00:00.000000'),
(1999, 10023, '2022-12-28', '08:00:00.000000', '17:00:00.000000'),
(2000, 10023, '2022-12-29', '08:00:00.000000', '17:00:00.000000'),
(2001, 10023, '2022-12-30', '12:00:00.000000', '00:00:00.000000'),
(2002, 10024, '2022-09-01', '08:21:00.000000', '17:00:00.000000'),
(2003, 10024, '2022-09-02', '08:00:00.000000', '17:00:00.000000'),
(2004, 10024, '2022-09-05', '08:00:00.000000', '17:00:00.000000'),
(2005, 10024, '2022-09-06', '08:00:00.000000', '17:00:00.000000'),
(2006, 10024, '2022-09-07', '08:00:00.000000', '17:00:00.000000'),
(2007, 10024, '2022-09-08', '10:00:00.000000', '17:00:00.000000'),
(2008, 10024, '2022-09-09', '08:00:00.000000', '17:00:00.000000'),
(2009, 10024, '2022-09-12', '08:21:00.000000', '17:00:00.000000'),
(2010, 10024, '2022-09-13', '08:00:00.000000', '17:00:00.000000'),
(2011, 10024, '2022-09-14', '08:00:00.000000', '17:00:00.000000'),
(2012, 10024, '2022-09-15', '12:00:00.000000', '00:00:00.000000'),
(2013, 10024, '2022-09-16', '08:00:00.000000', '17:00:00.000000'),
(2014, 10024, '2022-09-19', '10:00:00.000000', '17:00:00.000000'),
(2015, 10024, '2022-09-20', '08:00:00.000000', '17:00:00.000000'),
(2016, 10024, '2022-09-21', '08:21:00.000000', '17:00:00.000000'),
(2017, 10024, '2022-09-22', '08:00:00.000000', '17:00:00.000000'),
(2018, 10024, '2022-09-23', '08:00:00.000000', '17:00:00.000000'),
(2019, 10024, '2022-09-26', '08:00:00.000000', '17:00:00.000000'),
(2020, 10024, '2022-09-27', '08:00:00.000000', '17:00:00.000000'),
(2021, 10024, '2022-09-28', '10:00:00.000000', '17:00:00.000000'),
(2022, 10024, '2022-09-29', '08:00:00.000000', '17:00:00.000000'),
(2023, 10024, '2022-09-30', '08:21:00.000000', '17:00:00.000000'),
(2024, 10024, '2022-10-03', '08:00:00.000000', '17:00:00.000000'),
(2025, 10024, '2022-10-04', '08:00:00.000000', '17:00:00.000000'),
(2026, 10024, '2022-10-05', '08:00:00.000000', '17:00:00.000000'),
(2027, 10024, '2022-10-06', '08:00:00.000000', '17:00:00.000000'),
(2028, 10024, '2022-10-07', '10:00:00.000000', '17:00:00.000000'),
(2029, 10024, '2022-10-10', '08:00:00.000000', '17:00:00.000000'),
(2030, 10024, '2022-10-11', '08:21:00.000000', '17:00:00.000000'),
(2031, 10024, '2022-10-12', '08:00:00.000000', '17:00:00.000000'),
(2032, 10024, '2022-10-13', '08:00:00.000000', '17:00:00.000000'),
(2033, 10024, '2022-10-14', '08:00:00.000000', '17:00:00.000000'),
(2034, 10024, '2022-10-17', '08:00:00.000000', '17:00:00.000000'),
(2035, 10024, '2022-10-18', '10:00:00.000000', '17:00:00.000000'),
(2036, 10024, '2022-10-19', '08:00:00.000000', '17:00:00.000000'),
(2037, 10024, '2022-10-20', '08:21:00.000000', '17:00:00.000000'),
(2038, 10024, '2022-10-21', '08:00:00.000000', '17:00:00.000000'),
(2039, 10024, '2022-10-24', '08:00:00.000000', '17:00:00.000000'),
(2040, 10024, '2022-10-25', '08:00:00.000000', '17:00:00.000000'),
(2041, 10024, '2022-10-26', '08:00:00.000000', '17:00:00.000000'),
(2042, 10024, '2022-10-27', '10:00:00.000000', '17:00:00.000000'),
(2043, 10024, '2022-10-28', '08:00:00.000000', '17:00:00.000000'),
(2044, 10024, '2022-10-31', '08:21:00.000000', '17:00:00.000000'),
(2045, 10024, '2022-11-01', '12:00:00.000000', '00:00:00.000000'),
(2046, 10024, '2022-11-02', '08:00:00.000000', '17:00:00.000000'),
(2047, 10024, '2022-11-03', '08:00:00.000000', '17:00:00.000000'),
(2048, 10024, '2022-11-04', '08:00:00.000000', '17:00:00.000000'),
(2049, 10024, '2022-11-07', '10:00:00.000000', '17:00:00.000000'),
(2050, 10024, '2022-11-08', '08:00:00.000000', '17:00:00.000000'),
(2051, 10024, '2022-11-09', '08:21:00.000000', '17:00:00.000000'),
(2052, 10024, '2022-11-10', '08:00:00.000000', '17:00:00.000000'),
(2053, 10024, '2022-11-11', '08:00:00.000000', '17:00:00.000000'),
(2054, 10024, '2022-11-14', '08:00:00.000000', '17:00:00.000000'),
(2055, 10024, '2022-11-15', '08:00:00.000000', '17:00:00.000000'),
(2056, 10024, '2022-11-16', '10:00:00.000000', '17:00:00.000000'),
(2057, 10024, '2022-11-17', '08:00:00.000000', '17:00:00.000000'),
(2058, 10024, '2022-11-18', '08:21:00.000000', '17:00:00.000000'),
(2059, 10024, '2022-11-21', '08:00:00.000000', '17:00:00.000000'),
(2060, 10024, '2022-11-22', '08:00:00.000000', '17:00:00.000000'),
(2061, 10024, '2022-11-23', '08:00:00.000000', '17:00:00.000000'),
(2062, 10024, '2022-11-24', '08:00:00.000000', '17:00:00.000000'),
(2063, 10024, '2022-11-25', '10:00:00.000000', '17:00:00.000000'),
(2064, 10024, '2022-11-28', '08:00:00.000000', '17:00:00.000000'),
(2065, 10024, '2022-11-29', '08:21:00.000000', '17:00:00.000000'),
(2066, 10024, '2022-11-30', '12:00:00.000000', '00:00:00.000000'),
(2067, 10024, '2022-12-01', '08:00:00.000000', '17:00:00.000000'),
(2068, 10024, '2022-12-02', '08:00:00.000000', '17:00:00.000000'),
(2069, 10024, '2022-12-05', '08:00:00.000000', '17:00:00.000000'),
(2070, 10024, '2022-12-06', '10:00:00.000000', '17:00:00.000000'),
(2071, 10024, '2022-12-07', '08:00:00.000000', '17:00:00.000000'),
(2072, 10024, '2022-12-08', '12:00:00.000000', '00:00:00.000000'),
(2073, 10024, '2022-12-09', '08:00:00.000000', '17:00:00.000000'),
(2074, 10024, '2022-12-12', '08:00:00.000000', '17:00:00.000000'),
(2075, 10024, '2022-12-13', '08:00:00.000000', '17:00:00.000000'),
(2076, 10024, '2022-12-14', '08:00:00.000000', '17:00:00.000000'),
(2077, 10024, '2022-12-15', '10:00:00.000000', '17:00:00.000000'),
(2078, 10024, '2022-12-16', '08:00:00.000000', '17:00:00.000000'),
(2079, 10024, '2022-12-19', '08:21:00.000000', '17:00:00.000000'),
(2080, 10024, '2022-12-20', '08:00:00.000000', '17:00:00.000000'),
(2081, 10024, '2022-12-21', '08:00:00.000000', '17:00:00.000000'),
(2082, 10024, '2022-12-22', '08:00:00.000000', '17:00:00.000000'),
(2083, 10024, '2022-12-23', '08:00:00.000000', '17:00:00.000000'),
(2084, 10024, '2022-12-26', '10:00:00.000000', '17:00:00.000000'),
(2085, 10024, '2022-12-27', '08:00:00.000000', '17:00:00.000000'),
(2086, 10024, '2022-12-28', '08:21:00.000000', '17:00:00.000000'),
(2087, 10024, '2022-12-29', '08:00:00.000000', '17:00:00.000000'),
(2088, 10024, '2022-12-30', '12:00:00.000000', '00:00:00.000000'),
(2089, 10025, '2022-09-01', '08:00:00.000000', '17:00:00.000000'),
(2090, 10025, '2022-09-02', '08:00:00.000000', '17:00:00.000000'),
(2091, 10025, '2022-09-05', '08:00:00.000000', '17:00:00.000000'),
(2092, 10025, '2022-09-06', '08:00:00.000000', '17:00:00.000000'),
(2093, 10025, '2022-09-07', '08:00:00.000000', '17:00:00.000000'),
(2094, 10025, '2022-08-09', '10:00:00.000000', '17:00:00.000000'),
(2095, 10025, '2022-09-09', '08:00:00.000000', '17:00:00.000000'),
(2096, 10025, '2022-09-12', '08:00:00.000000', '17:00:00.000000'),
(2097, 10025, '2022-09-13', '08:00:00.000000', '17:00:00.000000'),
(2098, 10025, '2022-09-14', '08:00:00.000000', '17:00:00.000000'),
(2099, 10025, '2022-09-15', '08:00:00.000000', '17:00:00.000000'),
(2100, 10025, '2022-09-16', '08:00:00.000000', '17:00:00.000000'),
(2101, 10025, '2022-09-19', '10:00:00.000000', '17:00:00.000000'),
(2102, 10025, '2022-09-20', '08:00:00.000000', '17:00:00.000000'),
(2103, 10025, '2022-09-21', '08:00:00.000000', '17:00:00.000000'),
(2104, 10025, '2022-09-22', '08:00:00.000000', '17:00:00.000000'),
(2105, 10025, '2022-09-23', '08:00:00.000000', '17:00:00.000000'),
(2106, 10025, '2022-09-26', '08:00:00.000000', '17:00:00.000000'),
(2107, 10025, '2022-09-27', '08:00:00.000000', '17:00:00.000000'),
(2108, 10025, '2022-09-28', '10:00:00.000000', '17:00:00.000000'),
(2109, 10025, '2022-09-29', '08:00:00.000000', '17:00:00.000000'),
(2110, 10025, '2022-09-30', '08:00:00.000000', '17:00:00.000000'),
(2111, 10025, '2022-10-03', '08:00:00.000000', '17:00:00.000000'),
(2112, 10025, '2022-10-04', '08:00:00.000000', '17:00:00.000000'),
(2113, 10025, '2022-10-05', '08:00:00.000000', '17:00:00.000000'),
(2114, 10025, '2022-10-06', '08:00:00.000000', '17:00:00.000000'),
(2115, 10025, '2022-10-07', '10:00:00.000000', '17:00:00.000000'),
(2116, 10025, '2022-10-10', '08:00:00.000000', '17:00:00.000000'),
(2117, 10025, '2022-10-11', '08:00:00.000000', '17:00:00.000000'),
(2118, 10025, '2022-10-12', '08:00:00.000000', '17:00:00.000000'),
(2119, 10025, '2022-10-13', '08:00:00.000000', '17:00:00.000000'),
(2120, 10025, '2022-10-14', '08:00:00.000000', '17:00:00.000000'),
(2121, 10025, '2022-10-17', '08:00:00.000000', '17:00:00.000000'),
(2122, 10025, '2022-10-18', '10:00:00.000000', '17:00:00.000000'),
(2123, 10025, '2022-10-19', '08:00:00.000000', '17:00:00.000000'),
(2124, 10025, '2022-10-20', '08:00:00.000000', '17:00:00.000000'),
(2125, 10025, '2022-10-21', '08:00:00.000000', '17:00:00.000000'),
(2126, 10025, '2022-10-24', '08:00:00.000000', '17:00:00.000000'),
(2127, 10025, '2022-10-25', '08:00:00.000000', '17:00:00.000000'),
(2128, 10025, '2022-10-26', '08:00:00.000000', '17:00:00.000000'),
(2129, 10025, '2022-10-27', '10:00:00.000000', '17:00:00.000000'),
(2130, 10025, '2022-10-28', '08:00:00.000000', '17:00:00.000000'),
(2131, 10025, '2022-10-31', '08:00:00.000000', '17:00:00.000000'),
(2132, 10025, '2022-11-01', '12:00:00.000000', '00:00:00.000000'),
(2133, 10025, '2022-11-02', '08:00:00.000000', '17:00:00.000000'),
(2134, 10025, '2022-11-03', '08:00:00.000000', '17:00:00.000000'),
(2135, 10025, '2022-11-04', '08:00:00.000000', '17:00:00.000000'),
(2136, 10025, '2022-11-07', '10:00:00.000000', '17:00:00.000000'),
(2137, 10025, '2022-11-08', '08:00:00.000000', '17:00:00.000000'),
(2138, 10025, '2022-11-09', '08:00:00.000000', '17:00:00.000000'),
(2139, 10025, '2022-11-10', '08:00:00.000000', '17:00:00.000000'),
(2140, 10025, '2022-11-11', '08:00:00.000000', '17:00:00.000000'),
(2141, 10025, '2022-11-14', '08:00:00.000000', '17:00:00.000000'),
(2142, 10025, '2022-11-15', '08:00:00.000000', '17:00:00.000000'),
(2143, 10025, '2022-11-16', '10:00:00.000000', '17:00:00.000000'),
(2144, 10025, '2022-11-17', '08:00:00.000000', '17:00:00.000000'),
(2145, 10025, '2022-11-18', '08:00:00.000000', '17:00:00.000000'),
(2146, 10025, '2022-11-21', '08:00:00.000000', '17:00:00.000000'),
(2147, 10025, '2022-11-22', '08:00:00.000000', '17:00:00.000000'),
(2148, 10025, '2022-11-23', '08:00:00.000000', '17:00:00.000000'),
(2149, 10025, '2022-11-24', '08:00:00.000000', '17:00:00.000000'),
(2150, 10025, '2022-11-25', '10:00:00.000000', '17:00:00.000000'),
(2151, 10025, '2022-11-28', '08:00:00.000000', '17:00:00.000000'),
(2152, 10025, '2022-11-29', '08:00:00.000000', '17:00:00.000000'),
(2153, 10025, '2022-11-30', '12:00:00.000000', '00:00:00.000000'),
(2154, 10025, '2022-12-01', '08:00:00.000000', '17:00:00.000000'),
(2155, 10025, '2022-12-02', '08:00:00.000000', '17:00:00.000000'),
(2156, 10025, '2022-12-05', '08:00:00.000000', '17:00:00.000000'),
(2157, 10025, '2022-12-06', '10:00:00.000000', '17:00:00.000000'),
(2158, 10025, '2022-12-07', '08:00:00.000000', '17:00:00.000000'),
(2159, 10025, '2022-12-08', '12:00:00.000000', '00:00:00.000000'),
(2160, 10025, '2022-12-09', '08:00:00.000000', '17:00:00.000000'),
(2161, 10025, '2022-12-12', '08:00:00.000000', '17:00:00.000000'),
(2162, 10025, '2022-12-13', '08:00:00.000000', '17:00:00.000000'),
(2163, 10025, '2022-12-14', '08:00:00.000000', '17:00:00.000000'),
(2164, 10025, '2022-12-15', '10:00:00.000000', '17:00:00.000000'),
(2165, 10025, '2022-12-16', '08:00:00.000000', '17:00:00.000000'),
(2166, 10025, '2022-12-19', '08:00:00.000000', '17:00:00.000000'),
(2167, 10025, '2022-12-20', '08:00:00.000000', '17:00:00.000000'),
(2168, 10025, '2022-12-21', '08:00:00.000000', '17:00:00.000000'),
(2169, 10025, '2022-12-22', '08:00:00.000000', '17:00:00.000000'),
(2170, 10025, '2022-12-23', '08:00:00.000000', '17:00:00.000000'),
(2171, 10025, '2022-12-26', '10:00:00.000000', '17:00:00.000000'),
(2172, 10025, '2022-12-27', '08:00:00.000000', '17:00:00.000000'),
(2173, 10025, '2022-12-28', '08:00:00.000000', '17:00:00.000000'),
(2174, 10025, '2022-12-29', '08:00:00.000000', '17:00:00.000000'),
(2175, 10025, '2022-12-30', '12:00:00.000000', '00:00:00.000000'),
(2176, 10003, '2024-06-14', '12:15:00.000000', '12:16:00.000000'),
(4440, 10026, '2022-09-01', '08:00:00.000000', '17:00:00.000000'),
(4441, 10026, '2022-09-02', '08:00:00.000000', '17:00:00.000000'),
(4442, 10026, '2022-09-05', '08:00:00.000000', '17:00:00.000000'),
(4443, 10026, '2022-09-06', '08:00:00.000000', '17:00:00.000000'),
(4444, 10026, '2022-09-07', '08:00:00.000000', '17:00:00.000000'),
(4445, 10026, '2022-09-08', '10:00:00.000000', '17:00:00.000000'),
(4446, 10026, '2022-09-09', '08:00:00.000000', '17:00:00.000000'),
(4447, 10026, '2022-09-12', '08:00:00.000000', '17:00:00.000000'),
(4448, 10026, '2022-09-13', '08:00:00.000000', '17:00:00.000000'),
(4449, 10026, '2022-09-14', '08:00:00.000000', '17:00:00.000000'),
(4450, 10026, '2022-09-15', '08:00:00.000000', '17:00:00.000000'),
(4451, 10026, '2022-09-16', '08:00:00.000000', '17:00:00.000000'),
(4452, 10026, '2022-09-19', '10:00:00.000000', '17:00:00.000000'),
(4453, 10026, '2022-09-20', '08:00:00.000000', '17:00:00.000000'),
(4454, 10026, '2022-09-21', '08:00:00.000000', '17:00:00.000000'),
(4455, 10026, '2022-09-22', '08:00:00.000000', '17:00:00.000000'),
(4456, 10026, '2022-09-23', '08:00:00.000000', '17:00:00.000000'),
(4457, 10026, '2022-09-26', '08:00:00.000000', '17:00:00.000000'),
(4458, 10026, '2022-09-27', '08:00:00.000000', '17:00:00.000000'),
(4459, 10026, '2022-09-28', '10:00:00.000000', '17:00:00.000000'),
(4460, 10026, '2022-09-29', '08:00:00.000000', '17:00:00.000000'),
(4461, 10026, '2022-09-30', '08:00:00.000000', '17:00:00.000000'),
(4462, 10026, '2022-10-03', '08:00:00.000000', '17:00:00.000000'),
(4463, 10026, '2022-10-04', '08:00:00.000000', '17:00:00.000000'),
(4464, 10026, '2022-10-05', '08:00:00.000000', '17:00:00.000000'),
(4465, 10026, '2022-10-06', '08:00:00.000000', '17:00:00.000000'),
(4466, 10026, '2022-10-07', '10:00:00.000000', '17:00:00.000000'),
(4467, 10026, '2022-10-10', '08:00:00.000000', '17:00:00.000000'),
(4468, 10026, '2022-10-11', '08:00:00.000000', '17:00:00.000000'),
(4469, 10026, '2022-10-12', '08:00:00.000000', '17:00:00.000000'),
(4470, 10026, '2022-10-13', '08:00:00.000000', '17:00:00.000000'),
(4471, 10026, '2022-10-14', '08:00:00.000000', '17:00:00.000000'),
(4472, 10026, '2022-10-17', '08:00:00.000000', '17:00:00.000000'),
(4473, 10026, '2022-10-18', '10:00:00.000000', '17:00:00.000000'),
(4474, 10026, '2022-10-19', '08:00:00.000000', '17:00:00.000000'),
(4475, 10026, '2022-10-20', '08:00:00.000000', '17:00:00.000000'),
(4476, 10026, '2022-10-21', '08:00:00.000000', '17:00:00.000000'),
(4477, 10026, '2022-10-24', '08:00:00.000000', '17:00:00.000000'),
(4478, 10026, '2022-10-25', '08:00:00.000000', '17:00:00.000000'),
(4479, 10026, '2022-10-26', '08:00:00.000000', '17:00:00.000000'),
(4480, 10026, '2022-10-27', '10:00:00.000000', '17:00:00.000000'),
(4481, 10026, '2022-10-28', '08:00:00.000000', '17:00:00.000000'),
(4482, 10026, '2022-10-31', '08:00:00.000000', '17:00:00.000000'),
(4483, 10026, '2022-11-01', '12:00:00.000000', '00:00:00.000000'),
(4484, 10026, '2022-11-02', '08:00:00.000000', '17:00:00.000000'),
(4485, 10026, '2022-11-03', '08:00:00.000000', '17:00:00.000000'),
(4486, 10026, '2022-11-04', '08:00:00.000000', '17:00:00.000000'),
(4487, 10026, '2022-11-07', '10:00:00.000000', '17:00:00.000000'),
(4488, 10026, '2022-11-08', '08:00:00.000000', '17:00:00.000000'),
(4489, 10026, '2022-11-09', '08:00:00.000000', '17:00:00.000000'),
(4490, 10026, '2022-11-10', '08:00:00.000000', '17:00:00.000000'),
(4491, 10026, '2022-11-11', '08:00:00.000000', '17:00:00.000000'),
(4492, 10026, '2022-11-14', '08:00:00.000000', '17:00:00.000000'),
(4493, 10026, '2022-11-15', '08:00:00.000000', '17:00:00.000000'),
(4494, 10026, '2022-11-16', '10:00:00.000000', '17:00:00.000000'),
(4495, 10026, '2022-11-17', '08:00:00.000000', '17:00:00.000000'),
(4496, 10026, '2022-11-18', '08:00:00.000000', '17:00:00.000000'),
(4497, 10026, '2022-11-21', '08:00:00.000000', '17:00:00.000000'),
(4498, 10026, '2022-11-22', '08:00:00.000000', '17:00:00.000000'),
(4499, 10026, '2022-11-23', '08:00:00.000000', '17:00:00.000000'),
(4500, 10026, '2022-11-24', '08:00:00.000000', '17:00:00.000000'),
(4501, 10026, '2022-11-25', '10:00:00.000000', '17:00:00.000000'),
(4502, 10026, '2022-11-28', '08:00:00.000000', '17:00:00.000000'),
(4503, 10026, '2022-11-29', '08:00:00.000000', '17:00:00.000000'),
(4504, 10026, '2022-11-30', '12:00:00.000000', '00:00:00.000000'),
(4505, 10026, '2022-12-01', '08:00:00.000000', '17:00:00.000000'),
(4506, 10026, '2022-12-02', '08:00:00.000000', '17:00:00.000000'),
(4507, 10026, '2022-12-05', '08:00:00.000000', '17:00:00.000000'),
(4508, 10026, '2022-12-06', '10:00:00.000000', '17:00:00.000000'),
(4509, 10026, '2022-12-07', '08:00:00.000000', '17:00:00.000000'),
(4510, 10026, '2022-12-08', '12:00:00.000000', '00:00:00.000000'),
(4511, 10026, '2022-12-09', '08:00:00.000000', '17:00:00.000000'),
(4512, 10026, '2022-12-12', '08:00:00.000000', '17:00:00.000000'),
(4513, 10026, '2022-12-13', '08:00:00.000000', '17:00:00.000000'),
(4514, 10026, '2022-12-14', '08:00:00.000000', '17:00:00.000000'),
(4515, 10026, '2022-12-15', '10:00:00.000000', '17:00:00.000000'),
(4516, 10026, '2022-12-16', '08:00:00.000000', '17:00:00.000000'),
(4517, 10026, '2022-12-19', '08:00:00.000000', '17:00:00.000000'),
(4518, 10026, '2022-12-20', '08:00:00.000000', '17:00:00.000000'),
(4519, 10026, '2022-12-21', '08:00:00.000000', '17:00:00.000000'),
(4520, 10026, '2022-12-22', '08:00:00.000000', '17:00:00.000000'),
(4521, 10026, '2022-12-23', '08:00:00.000000', '17:00:00.000000'),
(4522, 10026, '2022-12-26', '10:00:00.000000', '17:00:00.000000'),
(4523, 10026, '2022-12-27', '08:00:00.000000', '17:00:00.000000'),
(4524, 10026, '2022-12-28', '08:00:00.000000', '17:00:00.000000'),
(4525, 10026, '2022-12-29', '08:00:00.000000', '17:00:00.000000'),
(4526, 10026, '2022-12-30', '12:00:00.000000', '17:00:00.000000'),
(4527, 10027, '2022-09-01', '08:00:00.000000', '17:00:00.000000'),
(4528, 10027, '2022-09-02', '08:00:00.000000', '17:00:00.000000'),
(4529, 10027, '2022-09-05', '08:00:00.000000', '17:00:00.000000'),
(4530, 10027, '2022-09-06', '08:00:00.000000', '17:00:00.000000'),
(4531, 10027, '2022-09-07', '08:00:00.000000', '17:00:00.000000'),
(4532, 10027, '2022-09-08', '10:00:00.000000', '17:00:00.000000'),
(4533, 10027, '2022-09-09', '08:00:00.000000', '17:00:00.000000'),
(4534, 10027, '2022-09-12', '08:00:00.000000', '17:00:00.000000'),
(4535, 10027, '2022-09-13', '08:00:00.000000', '17:00:00.000000'),
(4536, 10027, '2022-09-14', '08:00:00.000000', '17:00:00.000000'),
(4537, 10027, '2022-09-15', '08:00:00.000000', '17:00:00.000000'),
(4538, 10027, '2022-09-16', '08:00:00.000000', '17:00:00.000000'),
(4539, 10027, '2022-09-19', '10:00:00.000000', '17:00:00.000000'),
(4540, 10027, '2022-09-20', '08:00:00.000000', '17:00:00.000000'),
(4541, 10027, '2022-09-21', '08:00:00.000000', '17:00:00.000000'),
(4542, 10027, '2022-09-22', '08:00:00.000000', '17:00:00.000000'),
(4543, 10027, '2022-09-23', '08:00:00.000000', '17:00:00.000000'),
(4544, 10027, '2022-09-26', '08:00:00.000000', '17:00:00.000000'),
(4545, 10027, '2022-09-27', '08:00:00.000000', '17:00:00.000000'),
(4546, 10027, '2022-09-28', '10:00:00.000000', '17:00:00.000000'),
(4547, 10027, '2022-09-29', '08:00:00.000000', '17:00:00.000000'),
(4548, 10027, '2022-09-30', '08:00:00.000000', '17:00:00.000000'),
(4549, 10027, '2022-10-03', '08:00:00.000000', '17:00:00.000000'),
(4550, 10027, '2022-10-04', '08:00:00.000000', '17:00:00.000000'),
(4551, 10027, '2022-10-05', '08:00:00.000000', '17:00:00.000000'),
(4552, 10027, '2022-10-06', '08:00:00.000000', '17:00:00.000000'),
(4553, 10027, '2022-10-07', '10:00:00.000000', '17:00:00.000000'),
(4554, 10027, '2022-10-10', '08:00:00.000000', '17:00:00.000000'),
(4555, 10027, '2022-10-11', '08:00:00.000000', '17:00:00.000000'),
(4556, 10027, '2022-10-12', '08:00:00.000000', '17:00:00.000000'),
(4557, 10027, '2022-10-13', '08:00:00.000000', '17:00:00.000000'),
(4558, 10027, '2022-10-14', '08:00:00.000000', '17:00:00.000000'),
(4559, 10027, '2022-10-17', '08:00:00.000000', '17:00:00.000000'),
(4560, 10027, '2022-10-18', '10:00:00.000000', '17:00:00.000000'),
(4561, 10027, '2022-10-19', '08:00:00.000000', '17:00:00.000000'),
(4562, 10027, '2022-10-20', '08:00:00.000000', '17:00:00.000000'),
(4563, 10027, '2022-10-21', '08:00:00.000000', '17:00:00.000000'),
(4564, 10027, '2022-10-24', '08:00:00.000000', '17:00:00.000000'),
(4565, 10027, '2022-10-25', '08:00:00.000000', '17:00:00.000000'),
(4566, 10027, '2022-10-26', '08:00:00.000000', '17:00:00.000000'),
(4567, 10027, '2022-10-27', '10:00:00.000000', '17:00:00.000000'),
(4568, 10027, '2022-10-28', '08:00:00.000000', '17:00:00.000000'),
(4569, 10027, '2022-10-31', '08:00:00.000000', '17:00:00.000000'),
(4570, 10027, '2022-11-01', '12:00:00.000000', '00:00:00.000000'),
(4571, 10027, '2022-11-02', '08:00:00.000000', '17:00:00.000000'),
(4572, 10027, '2022-11-03', '08:00:00.000000', '17:00:00.000000'),
(4573, 10027, '2022-11-04', '08:00:00.000000', '17:00:00.000000'),
(4574, 10027, '2022-11-07', '10:00:00.000000', '17:00:00.000000'),
(4575, 10027, '2022-11-08', '08:00:00.000000', '17:00:00.000000'),
(4576, 10027, '2022-11-09', '08:00:00.000000', '17:00:00.000000'),
(4577, 10027, '2022-11-10', '08:00:00.000000', '17:00:00.000000'),
(4578, 10027, '2022-11-11', '08:00:00.000000', '17:00:00.000000'),
(4579, 10027, '2022-11-14', '08:00:00.000000', '17:00:00.000000'),
(4580, 10027, '2022-11-15', '08:00:00.000000', '17:00:00.000000'),
(4581, 10027, '2022-11-16', '10:00:00.000000', '17:00:00.000000'),
(4582, 10027, '2022-11-17', '08:00:00.000000', '17:00:00.000000');
INSERT INTO `attendancerecord` (`attRecordID`, `employeeID`, `date`, `timeIn`, `timeOut`) VALUES
(4583, 10027, '2022-11-18', '08:00:00.000000', '17:00:00.000000'),
(4584, 10027, '2022-11-21', '08:00:00.000000', '17:00:00.000000'),
(4585, 10027, '2022-11-22', '08:00:00.000000', '17:00:00.000000'),
(4586, 10027, '2022-11-23', '08:00:00.000000', '17:00:00.000000'),
(4587, 10027, '2022-11-24', '08:00:00.000000', '17:00:00.000000'),
(4588, 10027, '2022-11-25', '10:00:00.000000', '17:00:00.000000'),
(4589, 10027, '2022-11-28', '08:00:00.000000', '17:00:00.000000'),
(4590, 10027, '2022-11-29', '08:00:00.000000', '17:00:00.000000'),
(4591, 10027, '2022-11-30', '12:00:00.000000', '00:00:00.000000'),
(4592, 10027, '2022-12-01', '08:00:00.000000', '17:00:00.000000'),
(4593, 10027, '2022-12-02', '08:00:00.000000', '17:00:00.000000'),
(4594, 10027, '2022-12-05', '08:00:00.000000', '17:00:00.000000'),
(4595, 10027, '2022-12-06', '10:00:00.000000', '17:00:00.000000'),
(4596, 10027, '2022-12-07', '08:00:00.000000', '17:00:00.000000'),
(4597, 10027, '2022-12-08', '12:00:00.000000', '00:00:00.000000'),
(4598, 10027, '2022-12-09', '08:00:00.000000', '17:00:00.000000'),
(4599, 10027, '2022-12-12', '08:00:00.000000', '17:00:00.000000'),
(4600, 10027, '2022-12-13', '08:00:00.000000', '17:00:00.000000'),
(4601, 10027, '2022-12-14', '08:00:00.000000', '17:00:00.000000'),
(4602, 10027, '2022-12-15', '10:00:00.000000', '17:00:00.000000'),
(4603, 10027, '2022-12-16', '08:00:00.000000', '17:00:00.000000'),
(4604, 10027, '2022-12-19', '08:00:00.000000', '17:00:00.000000'),
(4605, 10027, '2022-12-20', '08:00:00.000000', '17:00:00.000000'),
(4606, 10027, '2022-12-21', '08:00:00.000000', '17:00:00.000000'),
(4607, 10027, '2022-12-22', '08:00:00.000000', '17:00:00.000000'),
(4608, 10027, '2022-12-23', '08:00:00.000000', '17:00:00.000000'),
(4609, 10027, '2022-12-26', '10:00:00.000000', '17:00:00.000000'),
(4610, 10027, '2022-12-27', '08:00:00.000000', '17:00:00.000000'),
(4611, 10027, '2022-12-28', '08:00:00.000000', '17:00:00.000000'),
(4612, 10027, '2022-12-29', '08:00:00.000000', '17:00:00.000000'),
(4613, 10027, '2022-12-30', '12:00:00.000000', '17:00:00.000000'),
(4614, 10028, '2022-09-01', '08:00:00.000000', '17:00:00.000000'),
(4615, 10028, '2022-09-02', '08:00:00.000000', '17:00:00.000000'),
(4616, 10028, '2022-09-05', '08:00:00.000000', '17:00:00.000000'),
(4617, 10028, '2022-09-06', '08:00:00.000000', '17:00:00.000000'),
(4618, 10028, '2022-09-07', '08:00:00.000000', '17:00:00.000000'),
(4619, 10028, '2022-09-08', '10:00:00.000000', '17:00:00.000000'),
(4620, 10028, '2022-09-09', '08:00:00.000000', '17:00:00.000000'),
(4621, 10028, '2022-09-12', '08:00:00.000000', '17:00:00.000000'),
(4622, 10028, '2022-09-13', '08:00:00.000000', '17:00:00.000000'),
(4623, 10028, '2022-09-14', '08:00:00.000000', '17:00:00.000000'),
(4624, 10028, '2022-09-15', '08:00:00.000000', '17:00:00.000000'),
(4625, 10028, '2022-09-16', '08:00:00.000000', '17:00:00.000000'),
(4626, 10028, '2022-09-19', '10:00:00.000000', '17:00:00.000000'),
(4627, 10028, '2022-09-20', '08:00:00.000000', '17:00:00.000000'),
(4628, 10028, '2022-09-21', '08:00:00.000000', '17:00:00.000000'),
(4629, 10028, '2022-09-22', '08:00:00.000000', '17:00:00.000000'),
(4630, 10028, '2022-09-23', '08:00:00.000000', '17:00:00.000000'),
(4631, 10028, '2022-09-26', '08:00:00.000000', '17:00:00.000000'),
(4632, 10028, '2022-09-27', '08:00:00.000000', '17:00:00.000000'),
(4633, 10028, '2022-09-28', '10:00:00.000000', '17:00:00.000000'),
(4634, 10028, '2022-09-29', '08:00:00.000000', '17:00:00.000000'),
(4635, 10028, '2022-09-30', '08:00:00.000000', '17:00:00.000000'),
(4636, 10028, '2022-10-03', '08:00:00.000000', '17:00:00.000000'),
(4637, 10028, '2022-10-04', '08:00:00.000000', '17:00:00.000000'),
(4638, 10028, '2022-10-05', '08:00:00.000000', '17:00:00.000000'),
(4639, 10028, '2022-10-06', '08:00:00.000000', '17:00:00.000000'),
(4640, 10028, '2022-10-07', '10:00:00.000000', '17:00:00.000000'),
(4641, 10028, '2022-10-10', '08:00:00.000000', '17:00:00.000000'),
(4642, 10028, '2022-10-11', '08:00:00.000000', '17:00:00.000000'),
(4643, 10028, '2022-10-12', '08:00:00.000000', '17:00:00.000000'),
(4644, 10028, '2022-10-13', '08:00:00.000000', '17:00:00.000000'),
(4645, 10028, '2022-10-14', '08:00:00.000000', '17:00:00.000000'),
(4646, 10028, '2022-10-17', '08:00:00.000000', '17:00:00.000000'),
(4647, 10028, '2022-10-18', '10:00:00.000000', '17:00:00.000000'),
(4648, 10028, '2022-10-19', '08:00:00.000000', '17:00:00.000000'),
(4649, 10028, '2022-10-20', '08:00:00.000000', '17:00:00.000000'),
(4650, 10028, '2022-10-21', '08:00:00.000000', '17:00:00.000000'),
(4651, 10028, '2022-10-24', '08:00:00.000000', '17:00:00.000000'),
(4652, 10028, '2022-10-25', '08:00:00.000000', '17:00:00.000000'),
(4653, 10028, '2022-10-26', '08:00:00.000000', '17:00:00.000000'),
(4654, 10028, '2022-10-27', '10:00:00.000000', '17:00:00.000000'),
(4655, 10028, '2022-10-28', '08:00:00.000000', '17:00:00.000000'),
(4656, 10028, '2022-10-31', '08:00:00.000000', '17:00:00.000000'),
(4657, 10028, '2022-11-01', '12:00:00.000000', '00:00:00.000000'),
(4658, 10028, '2022-11-02', '08:00:00.000000', '17:00:00.000000'),
(4659, 10028, '2022-11-03', '08:00:00.000000', '17:00:00.000000'),
(4660, 10028, '2022-11-04', '08:00:00.000000', '17:00:00.000000'),
(4661, 10028, '2022-11-07', '10:00:00.000000', '17:00:00.000000'),
(4662, 10028, '2022-11-08', '08:00:00.000000', '17:00:00.000000'),
(4663, 10028, '2022-11-09', '08:00:00.000000', '17:00:00.000000'),
(4664, 10028, '2022-11-10', '08:00:00.000000', '17:00:00.000000'),
(4665, 10028, '2022-11-11', '08:00:00.000000', '17:00:00.000000'),
(4666, 10028, '2022-11-14', '08:00:00.000000', '17:00:00.000000'),
(4667, 10028, '2022-11-15', '08:00:00.000000', '17:00:00.000000'),
(4668, 10028, '2022-11-16', '10:00:00.000000', '17:00:00.000000'),
(4669, 10028, '2022-11-17', '08:00:00.000000', '17:00:00.000000'),
(4670, 10028, '2022-11-18', '08:00:00.000000', '17:00:00.000000'),
(4671, 10028, '2022-11-21', '08:00:00.000000', '17:00:00.000000'),
(4672, 10028, '2022-11-22', '08:00:00.000000', '17:00:00.000000'),
(4673, 10028, '2022-11-23', '08:00:00.000000', '17:00:00.000000'),
(4674, 10028, '2022-11-24', '08:00:00.000000', '17:00:00.000000'),
(4675, 10028, '2022-11-25', '10:00:00.000000', '17:00:00.000000'),
(4676, 10028, '2022-11-28', '08:00:00.000000', '17:00:00.000000'),
(4677, 10028, '2022-11-29', '08:00:00.000000', '17:00:00.000000'),
(4678, 10028, '2022-11-30', '12:00:00.000000', '00:00:00.000000'),
(4679, 10028, '2022-12-01', '08:00:00.000000', '17:00:00.000000'),
(4680, 10028, '2022-12-02', '08:00:00.000000', '17:00:00.000000'),
(4681, 10028, '2022-12-05', '08:00:00.000000', '17:00:00.000000'),
(4682, 10028, '2022-12-06', '10:00:00.000000', '17:00:00.000000'),
(4683, 10028, '2022-12-07', '08:00:00.000000', '17:00:00.000000'),
(4684, 10028, '2022-12-08', '12:00:00.000000', '00:00:00.000000'),
(4685, 10028, '2022-12-09', '08:00:00.000000', '17:00:00.000000'),
(4686, 10028, '2022-12-12', '08:00:00.000000', '17:00:00.000000'),
(4687, 10028, '2022-12-13', '08:00:00.000000', '17:00:00.000000'),
(4688, 10028, '2022-12-14', '08:00:00.000000', '17:00:00.000000'),
(4689, 10028, '2022-12-15', '10:00:00.000000', '17:00:00.000000'),
(4690, 10028, '2022-12-16', '08:00:00.000000', '17:00:00.000000'),
(4691, 10028, '2022-12-19', '08:00:00.000000', '17:00:00.000000'),
(4692, 10028, '2022-12-20', '08:00:00.000000', '17:00:00.000000'),
(4693, 10028, '2022-12-21', '08:00:00.000000', '17:00:00.000000'),
(4694, 10028, '2022-12-22', '08:00:00.000000', '17:00:00.000000'),
(4695, 10028, '2022-12-23', '08:00:00.000000', '17:00:00.000000'),
(4696, 10028, '2022-12-26', '10:00:00.000000', '17:00:00.000000'),
(4697, 10028, '2022-12-27', '08:00:00.000000', '17:00:00.000000'),
(4698, 10028, '2022-12-28', '08:00:00.000000', '17:00:00.000000'),
(4699, 10028, '2022-12-29', '08:00:00.000000', '17:00:00.000000'),
(4700, 10028, '2022-12-30', '12:00:00.000000', '17:00:00.000000'),
(4701, 10029, '2022-09-01', '08:00:00.000000', '17:00:00.000000'),
(4702, 10029, '2022-09-02', '08:00:00.000000', '17:00:00.000000'),
(4703, 10029, '2022-09-05', '08:00:00.000000', '17:00:00.000000'),
(4704, 10029, '2022-09-06', '08:00:00.000000', '17:00:00.000000'),
(4705, 10029, '2022-09-07', '08:00:00.000000', '17:00:00.000000'),
(4706, 10029, '2022-09-08', '10:00:00.000000', '17:00:00.000000'),
(4707, 10029, '2022-09-09', '08:00:00.000000', '17:00:00.000000'),
(4708, 10029, '2022-09-12', '08:00:00.000000', '17:00:00.000000'),
(4709, 10029, '2022-09-13', '08:00:00.000000', '17:00:00.000000'),
(4710, 10029, '2022-09-14', '08:00:00.000000', '17:00:00.000000'),
(4711, 10029, '2022-09-15', '08:00:00.000000', '17:00:00.000000'),
(4712, 10029, '2022-09-16', '08:00:00.000000', '17:00:00.000000'),
(4713, 10029, '2022-09-19', '10:00:00.000000', '17:00:00.000000'),
(4714, 10029, '2022-09-20', '08:00:00.000000', '17:00:00.000000'),
(4715, 10029, '2022-09-21', '08:00:00.000000', '17:00:00.000000'),
(4716, 10029, '2022-09-22', '08:00:00.000000', '17:00:00.000000'),
(4717, 10029, '2022-09-23', '08:00:00.000000', '17:00:00.000000'),
(4718, 10029, '2022-09-26', '08:00:00.000000', '17:00:00.000000'),
(4719, 10029, '2022-09-27', '08:00:00.000000', '17:00:00.000000'),
(4720, 10029, '2022-09-28', '10:00:00.000000', '17:00:00.000000'),
(4721, 10029, '2022-09-29', '08:00:00.000000', '17:00:00.000000'),
(4722, 10029, '2022-09-30', '08:00:00.000000', '17:00:00.000000'),
(4723, 10029, '2022-10-03', '08:00:00.000000', '17:00:00.000000'),
(4724, 10029, '2022-10-04', '08:00:00.000000', '17:00:00.000000'),
(4725, 10029, '2022-10-05', '08:00:00.000000', '17:00:00.000000'),
(4726, 10029, '2022-10-06', '08:00:00.000000', '17:00:00.000000'),
(4727, 10029, '2022-10-07', '10:00:00.000000', '17:00:00.000000'),
(4728, 10029, '2022-10-10', '08:00:00.000000', '17:00:00.000000'),
(4729, 10029, '2022-10-11', '08:00:00.000000', '17:00:00.000000'),
(4730, 10029, '2022-10-12', '08:00:00.000000', '17:00:00.000000'),
(4731, 10029, '2022-10-13', '08:00:00.000000', '17:00:00.000000'),
(4732, 10029, '2022-10-14', '08:00:00.000000', '17:00:00.000000'),
(4733, 10029, '2022-10-17', '08:00:00.000000', '17:00:00.000000'),
(4734, 10029, '2022-10-18', '10:00:00.000000', '17:00:00.000000'),
(4735, 10029, '2022-10-19', '08:00:00.000000', '17:00:00.000000'),
(4736, 10029, '2022-10-20', '08:00:00.000000', '17:00:00.000000'),
(4737, 10029, '2022-10-21', '08:00:00.000000', '17:00:00.000000'),
(4738, 10029, '2022-10-24', '08:00:00.000000', '17:00:00.000000'),
(4739, 10029, '2022-10-25', '08:00:00.000000', '17:00:00.000000'),
(4740, 10029, '2022-10-26', '08:00:00.000000', '17:00:00.000000'),
(4741, 10029, '2022-10-27', '10:00:00.000000', '17:00:00.000000'),
(4742, 10029, '2022-10-28', '08:00:00.000000', '17:00:00.000000'),
(4743, 10029, '2022-10-31', '08:00:00.000000', '17:00:00.000000'),
(4744, 10029, '2022-11-01', '12:00:00.000000', '00:00:00.000000'),
(4745, 10029, '2022-11-02', '08:00:00.000000', '17:00:00.000000'),
(4746, 10029, '2022-11-03', '08:00:00.000000', '17:00:00.000000'),
(4747, 10029, '2022-11-04', '08:00:00.000000', '17:00:00.000000'),
(4748, 10029, '2022-11-07', '10:00:00.000000', '17:00:00.000000'),
(4749, 10029, '2022-11-08', '08:00:00.000000', '17:00:00.000000'),
(4750, 10029, '2022-11-09', '08:00:00.000000', '17:00:00.000000'),
(4751, 10029, '2022-11-10', '08:00:00.000000', '17:00:00.000000'),
(4752, 10029, '2022-11-11', '08:00:00.000000', '17:00:00.000000'),
(4753, 10029, '2022-11-14', '08:00:00.000000', '17:00:00.000000'),
(4754, 10029, '2022-11-15', '08:00:00.000000', '17:00:00.000000'),
(4755, 10029, '2022-11-16', '10:00:00.000000', '17:00:00.000000'),
(4756, 10029, '2022-11-17', '08:00:00.000000', '17:00:00.000000'),
(4757, 10029, '2022-11-18', '08:00:00.000000', '17:00:00.000000'),
(4758, 10029, '2022-11-21', '08:00:00.000000', '17:00:00.000000'),
(4759, 10029, '2022-11-22', '08:00:00.000000', '17:00:00.000000'),
(4760, 10029, '2022-11-23', '08:00:00.000000', '17:00:00.000000'),
(4761, 10029, '2022-11-24', '08:00:00.000000', '17:00:00.000000'),
(4762, 10029, '2022-11-25', '10:00:00.000000', '17:00:00.000000'),
(4763, 10029, '2022-11-28', '08:00:00.000000', '17:00:00.000000'),
(4764, 10029, '2022-11-29', '08:00:00.000000', '17:00:00.000000'),
(4765, 10029, '2022-11-30', '12:00:00.000000', '00:00:00.000000'),
(4766, 10029, '2022-12-01', '08:00:00.000000', '17:00:00.000000'),
(4767, 10029, '2022-12-02', '08:00:00.000000', '17:00:00.000000'),
(4768, 10029, '2022-12-05', '08:00:00.000000', '17:00:00.000000'),
(4769, 10029, '2022-12-06', '10:00:00.000000', '17:00:00.000000'),
(4770, 10029, '2022-12-07', '08:00:00.000000', '17:00:00.000000'),
(4771, 10029, '2022-12-08', '12:00:00.000000', '00:00:00.000000'),
(4772, 10029, '2022-12-09', '08:00:00.000000', '17:00:00.000000'),
(4773, 10029, '2022-12-12', '08:00:00.000000', '17:00:00.000000'),
(4774, 10029, '2022-12-13', '08:00:00.000000', '17:00:00.000000'),
(4775, 10029, '2022-12-14', '08:00:00.000000', '17:00:00.000000'),
(4776, 10029, '2022-12-15', '10:00:00.000000', '17:00:00.000000'),
(4777, 10029, '2022-12-16', '08:00:00.000000', '17:00:00.000000'),
(4778, 10029, '2022-12-19', '08:00:00.000000', '17:00:00.000000'),
(4779, 10029, '2022-12-20', '08:00:00.000000', '17:00:00.000000'),
(4780, 10029, '2022-12-21', '08:00:00.000000', '17:00:00.000000'),
(4781, 10029, '2022-12-22', '08:00:00.000000', '17:00:00.000000'),
(4782, 10029, '2022-12-23', '08:00:00.000000', '17:00:00.000000'),
(4783, 10029, '2022-12-26', '10:00:00.000000', '17:00:00.000000'),
(4784, 10029, '2022-12-27', '08:00:00.000000', '17:00:00.000000'),
(4785, 10029, '2022-12-28', '08:00:00.000000', '17:00:00.000000'),
(4786, 10029, '2022-12-29', '08:00:00.000000', '17:00:00.000000'),
(4787, 10029, '2022-12-30', '12:00:00.000000', '17:00:00.000000'),
(4788, 10030, '2022-09-01', '08:00:00.000000', '17:00:00.000000'),
(4789, 10030, '2022-09-02', '08:00:00.000000', '17:00:00.000000'),
(4790, 10030, '2022-09-05', '08:00:00.000000', '17:00:00.000000'),
(4791, 10030, '2022-09-06', '08:00:00.000000', '17:00:00.000000'),
(4792, 10030, '2022-09-07', '08:00:00.000000', '17:00:00.000000'),
(4793, 10030, '2022-09-08', '10:00:00.000000', '17:00:00.000000'),
(4794, 10030, '2022-09-09', '08:00:00.000000', '17:00:00.000000'),
(4795, 10030, '2022-09-12', '08:00:00.000000', '17:00:00.000000'),
(4796, 10030, '2022-09-13', '08:00:00.000000', '17:00:00.000000'),
(4797, 10030, '2022-09-14', '08:00:00.000000', '17:00:00.000000'),
(4798, 10030, '2022-09-15', '08:00:00.000000', '17:00:00.000000'),
(4799, 10030, '2022-09-16', '08:00:00.000000', '17:00:00.000000'),
(4800, 10030, '2022-09-19', '10:00:00.000000', '17:00:00.000000'),
(4801, 10030, '2022-09-20', '08:00:00.000000', '17:00:00.000000'),
(4802, 10030, '2022-09-21', '08:00:00.000000', '17:00:00.000000'),
(4803, 10030, '2022-09-22', '08:00:00.000000', '17:00:00.000000'),
(4804, 10030, '2022-09-23', '08:00:00.000000', '17:00:00.000000'),
(4805, 10030, '2022-09-26', '08:00:00.000000', '17:00:00.000000'),
(4806, 10030, '2022-09-27', '08:00:00.000000', '17:00:00.000000'),
(4807, 10030, '2022-09-28', '10:00:00.000000', '17:00:00.000000'),
(4808, 10030, '2022-09-29', '08:00:00.000000', '17:00:00.000000'),
(4809, 10030, '2022-09-30', '08:00:00.000000', '17:00:00.000000'),
(4810, 10030, '2022-10-03', '08:00:00.000000', '17:00:00.000000'),
(4811, 10030, '2022-10-04', '08:00:00.000000', '17:00:00.000000'),
(4812, 10030, '2022-10-05', '08:00:00.000000', '17:00:00.000000'),
(4813, 10030, '2022-10-06', '08:00:00.000000', '17:00:00.000000'),
(4814, 10030, '2022-10-07', '10:00:00.000000', '17:00:00.000000'),
(4815, 10030, '2022-10-10', '08:00:00.000000', '17:00:00.000000'),
(4816, 10030, '2022-10-11', '08:00:00.000000', '17:00:00.000000'),
(4817, 10030, '2022-10-12', '08:00:00.000000', '17:00:00.000000'),
(4818, 10030, '2022-10-13', '08:00:00.000000', '17:00:00.000000'),
(4819, 10030, '2022-10-14', '08:00:00.000000', '17:00:00.000000'),
(4820, 10030, '2022-10-17', '08:00:00.000000', '17:00:00.000000'),
(4821, 10030, '2022-10-18', '10:00:00.000000', '17:00:00.000000'),
(4822, 10030, '2022-10-19', '08:00:00.000000', '17:00:00.000000'),
(4823, 10030, '2022-10-20', '08:00:00.000000', '17:00:00.000000'),
(4824, 10030, '2022-10-21', '08:00:00.000000', '17:00:00.000000'),
(4825, 10030, '2022-10-24', '08:00:00.000000', '17:00:00.000000'),
(4826, 10030, '2022-10-25', '08:00:00.000000', '17:00:00.000000'),
(4827, 10030, '2022-10-26', '08:00:00.000000', '17:00:00.000000'),
(4828, 10030, '2022-10-27', '10:00:00.000000', '17:00:00.000000'),
(4829, 10030, '2022-10-28', '08:00:00.000000', '17:00:00.000000'),
(4830, 10030, '2022-10-31', '08:00:00.000000', '17:00:00.000000'),
(4831, 10030, '2022-11-01', '12:00:00.000000', '00:00:00.000000'),
(4832, 10030, '2022-11-02', '08:00:00.000000', '17:00:00.000000'),
(4833, 10030, '2022-11-03', '08:00:00.000000', '17:00:00.000000'),
(4834, 10030, '2022-11-04', '08:00:00.000000', '17:00:00.000000'),
(4835, 10030, '2022-11-07', '10:00:00.000000', '17:00:00.000000'),
(4836, 10030, '2022-11-08', '08:00:00.000000', '17:00:00.000000'),
(4837, 10030, '2022-11-09', '08:00:00.000000', '17:00:00.000000'),
(4838, 10030, '2022-11-10', '08:00:00.000000', '17:00:00.000000'),
(4839, 10030, '2022-11-11', '08:00:00.000000', '17:00:00.000000'),
(4840, 10030, '2022-11-14', '08:00:00.000000', '17:00:00.000000'),
(4841, 10030, '2022-11-15', '08:00:00.000000', '17:00:00.000000'),
(4842, 10030, '2022-11-16', '10:00:00.000000', '17:00:00.000000'),
(4843, 10030, '2022-11-17', '08:00:00.000000', '17:00:00.000000'),
(4844, 10030, '2022-11-18', '08:00:00.000000', '17:00:00.000000'),
(4845, 10030, '2022-11-21', '08:00:00.000000', '17:00:00.000000'),
(4846, 10030, '2022-11-22', '08:00:00.000000', '17:00:00.000000'),
(4847, 10030, '2022-11-23', '08:00:00.000000', '17:00:00.000000'),
(4848, 10030, '2022-11-24', '08:00:00.000000', '17:00:00.000000'),
(4849, 10030, '2022-11-25', '10:00:00.000000', '17:00:00.000000'),
(4850, 10030, '2022-11-28', '08:00:00.000000', '17:00:00.000000'),
(4851, 10030, '2022-11-29', '08:00:00.000000', '17:00:00.000000'),
(4852, 10030, '2022-11-30', '12:00:00.000000', '00:00:00.000000'),
(4853, 10030, '2022-12-01', '08:00:00.000000', '17:00:00.000000'),
(4854, 10030, '2022-12-02', '08:00:00.000000', '17:00:00.000000'),
(4855, 10030, '2022-12-05', '08:00:00.000000', '17:00:00.000000'),
(4856, 10030, '2022-12-06', '10:00:00.000000', '17:00:00.000000'),
(4857, 10030, '2022-12-07', '08:00:00.000000', '17:00:00.000000'),
(4858, 10030, '2022-12-08', '12:00:00.000000', '00:00:00.000000'),
(4859, 10030, '2022-12-09', '08:00:00.000000', '17:00:00.000000'),
(4860, 10030, '2022-12-12', '08:00:00.000000', '17:00:00.000000'),
(4861, 10030, '2022-12-13', '08:00:00.000000', '17:00:00.000000'),
(4862, 10030, '2022-12-14', '08:00:00.000000', '17:00:00.000000'),
(4863, 10030, '2022-12-15', '10:00:00.000000', '17:00:00.000000'),
(4864, 10030, '2022-12-16', '08:00:00.000000', '17:00:00.000000'),
(4865, 10030, '2022-12-19', '08:00:00.000000', '17:00:00.000000'),
(4866, 10030, '2022-12-20', '08:00:00.000000', '17:00:00.000000'),
(4867, 10030, '2022-12-21', '08:00:00.000000', '17:00:00.000000'),
(4868, 10030, '2022-12-22', '08:00:00.000000', '17:00:00.000000'),
(4869, 10030, '2022-12-23', '08:00:00.000000', '17:00:00.000000'),
(4870, 10030, '2022-12-26', '10:00:00.000000', '17:00:00.000000'),
(4871, 10030, '2022-12-27', '08:00:00.000000', '17:00:00.000000'),
(4872, 10030, '2022-12-28', '08:00:00.000000', '17:00:00.000000'),
(4873, 10030, '2022-12-29', '08:00:00.000000', '17:00:00.000000'),
(4874, 10030, '2022-12-30', '12:00:00.000000', '17:00:00.000000'),
(4875, 10031, '2022-09-01', '08:00:00.000000', '17:00:00.000000'),
(4876, 10031, '2022-09-02', '08:00:00.000000', '17:00:00.000000'),
(4877, 10031, '2022-09-05', '08:00:00.000000', '17:00:00.000000'),
(4878, 10031, '2022-09-06', '08:00:00.000000', '17:00:00.000000'),
(4879, 10031, '2022-09-07', '08:00:00.000000', '17:00:00.000000'),
(4880, 10031, '2022-09-08', '10:00:00.000000', '17:00:00.000000'),
(4881, 10031, '2022-09-09', '08:00:00.000000', '17:00:00.000000'),
(4882, 10031, '2022-09-12', '08:00:00.000000', '17:00:00.000000'),
(4883, 10031, '2022-09-13', '08:00:00.000000', '17:00:00.000000'),
(4884, 10031, '2022-09-14', '08:00:00.000000', '17:00:00.000000'),
(4885, 10031, '2022-09-15', '08:00:00.000000', '17:00:00.000000'),
(4886, 10031, '2022-09-16', '08:00:00.000000', '17:00:00.000000'),
(4887, 10031, '2022-09-19', '10:00:00.000000', '17:00:00.000000'),
(4888, 10031, '2022-09-20', '08:00:00.000000', '17:00:00.000000'),
(4889, 10031, '2022-09-21', '08:00:00.000000', '17:00:00.000000'),
(4890, 10031, '2022-09-22', '08:00:00.000000', '17:00:00.000000'),
(4891, 10031, '2022-09-23', '08:00:00.000000', '17:00:00.000000'),
(4892, 10031, '2022-09-26', '08:00:00.000000', '17:00:00.000000'),
(4893, 10031, '2022-09-27', '08:00:00.000000', '17:00:00.000000'),
(4894, 10031, '2022-09-28', '10:00:00.000000', '17:00:00.000000'),
(4895, 10031, '2022-09-29', '08:00:00.000000', '17:00:00.000000'),
(4896, 10031, '2022-09-30', '08:00:00.000000', '17:00:00.000000'),
(4897, 10031, '2022-10-03', '08:00:00.000000', '17:00:00.000000'),
(4898, 10031, '2022-10-04', '08:00:00.000000', '17:00:00.000000'),
(4899, 10031, '2022-10-05', '08:00:00.000000', '17:00:00.000000'),
(4900, 10031, '2022-10-06', '08:00:00.000000', '17:00:00.000000'),
(4901, 10031, '2022-10-07', '10:00:00.000000', '17:00:00.000000'),
(4902, 10031, '2022-10-10', '08:00:00.000000', '17:00:00.000000'),
(4903, 10031, '2022-10-11', '08:00:00.000000', '17:00:00.000000'),
(4904, 10031, '2022-10-12', '08:00:00.000000', '17:00:00.000000'),
(4905, 10031, '2022-10-13', '08:00:00.000000', '17:00:00.000000'),
(4906, 10031, '2022-10-14', '08:00:00.000000', '17:00:00.000000'),
(4907, 10031, '2022-10-17', '08:00:00.000000', '17:00:00.000000'),
(4908, 10031, '2022-10-18', '10:00:00.000000', '17:00:00.000000'),
(4909, 10031, '2022-10-19', '08:00:00.000000', '17:00:00.000000'),
(4910, 10031, '2022-10-20', '08:00:00.000000', '17:00:00.000000'),
(4911, 10031, '2022-10-21', '08:00:00.000000', '17:00:00.000000'),
(4912, 10031, '2022-10-24', '08:00:00.000000', '17:00:00.000000'),
(4913, 10031, '2022-10-25', '08:00:00.000000', '17:00:00.000000'),
(4914, 10031, '2022-10-26', '08:00:00.000000', '17:00:00.000000'),
(4915, 10031, '2022-10-27', '10:00:00.000000', '17:00:00.000000'),
(4916, 10031, '2022-10-28', '08:00:00.000000', '17:00:00.000000'),
(4917, 10031, '2022-10-31', '08:00:00.000000', '17:00:00.000000'),
(4918, 10031, '2022-11-01', '12:00:00.000000', '00:00:00.000000'),
(4919, 10031, '2022-11-02', '08:00:00.000000', '17:00:00.000000'),
(4920, 10031, '2022-11-03', '08:00:00.000000', '17:00:00.000000'),
(4921, 10031, '2022-11-04', '08:00:00.000000', '17:00:00.000000'),
(4922, 10031, '2022-11-07', '10:00:00.000000', '17:00:00.000000'),
(4923, 10031, '2022-11-08', '08:00:00.000000', '17:00:00.000000'),
(4924, 10031, '2022-11-09', '08:00:00.000000', '17:00:00.000000'),
(4925, 10031, '2022-11-10', '08:00:00.000000', '17:00:00.000000'),
(4926, 10031, '2022-11-11', '08:00:00.000000', '17:00:00.000000'),
(4927, 10031, '2022-11-14', '08:00:00.000000', '17:00:00.000000'),
(4928, 10031, '2022-11-15', '08:00:00.000000', '17:00:00.000000'),
(4929, 10031, '2022-11-16', '10:00:00.000000', '17:00:00.000000'),
(4930, 10031, '2022-11-17', '08:00:00.000000', '17:00:00.000000'),
(4931, 10031, '2022-11-18', '08:00:00.000000', '17:00:00.000000'),
(4932, 10031, '2022-11-21', '08:00:00.000000', '17:00:00.000000'),
(4933, 10031, '2022-11-22', '08:00:00.000000', '17:00:00.000000'),
(4934, 10031, '2022-11-23', '08:00:00.000000', '17:00:00.000000'),
(4935, 10031, '2022-11-24', '08:00:00.000000', '17:00:00.000000'),
(4936, 10031, '2022-11-25', '10:00:00.000000', '17:00:00.000000'),
(4937, 10031, '2022-11-28', '08:00:00.000000', '17:00:00.000000'),
(4938, 10031, '2022-11-29', '08:00:00.000000', '17:00:00.000000'),
(4939, 10031, '2022-11-30', '12:00:00.000000', '00:00:00.000000'),
(4940, 10031, '2022-12-01', '08:00:00.000000', '17:00:00.000000'),
(4941, 10031, '2022-12-02', '08:00:00.000000', '17:00:00.000000'),
(4942, 10031, '2022-12-05', '08:00:00.000000', '17:00:00.000000'),
(4943, 10031, '2022-12-06', '10:00:00.000000', '17:00:00.000000'),
(4944, 10031, '2022-12-07', '08:00:00.000000', '17:00:00.000000'),
(4945, 10031, '2022-12-08', '12:00:00.000000', '00:00:00.000000'),
(4946, 10031, '2022-12-09', '08:00:00.000000', '17:00:00.000000'),
(4947, 10031, '2022-12-12', '08:00:00.000000', '17:00:00.000000'),
(4948, 10031, '2022-12-13', '08:00:00.000000', '17:00:00.000000'),
(4949, 10031, '2022-12-14', '08:00:00.000000', '17:00:00.000000'),
(4950, 10031, '2022-12-15', '10:00:00.000000', '17:00:00.000000'),
(4951, 10031, '2022-12-16', '08:00:00.000000', '17:00:00.000000'),
(4952, 10031, '2022-12-19', '08:00:00.000000', '17:00:00.000000'),
(4953, 10031, '2022-12-20', '08:00:00.000000', '17:00:00.000000'),
(4954, 10031, '2022-12-21', '08:00:00.000000', '17:00:00.000000'),
(4955, 10031, '2022-12-22', '08:00:00.000000', '17:00:00.000000'),
(4956, 10031, '2022-12-23', '08:00:00.000000', '17:00:00.000000'),
(4957, 10031, '2022-12-26', '10:00:00.000000', '17:00:00.000000'),
(4958, 10031, '2022-12-27', '08:00:00.000000', '17:00:00.000000'),
(4959, 10031, '2022-12-28', '08:00:00.000000', '17:00:00.000000'),
(4960, 10031, '2022-12-29', '08:00:00.000000', '17:00:00.000000'),
(4961, 10031, '2022-12-30', '12:00:00.000000', '17:00:00.000000'),
(4962, 10032, '2022-09-01', '08:00:00.000000', '17:00:00.000000'),
(4963, 10032, '2022-09-02', '08:00:00.000000', '17:00:00.000000'),
(4964, 10032, '2022-09-05', '08:00:00.000000', '17:00:00.000000'),
(4965, 10032, '2022-09-06', '08:00:00.000000', '17:00:00.000000'),
(4966, 10032, '2022-09-07', '08:00:00.000000', '17:00:00.000000'),
(4967, 10032, '2022-09-08', '10:00:00.000000', '17:00:00.000000'),
(4968, 10032, '2022-09-09', '08:00:00.000000', '17:00:00.000000'),
(4969, 10032, '2022-09-12', '08:00:00.000000', '17:00:00.000000'),
(4970, 10032, '2022-09-13', '08:00:00.000000', '17:00:00.000000'),
(4971, 10032, '2022-09-14', '08:00:00.000000', '17:00:00.000000'),
(4972, 10032, '2022-09-15', '08:00:00.000000', '17:00:00.000000'),
(4973, 10032, '2022-09-16', '08:00:00.000000', '17:00:00.000000'),
(4974, 10032, '2022-09-19', '10:00:00.000000', '17:00:00.000000'),
(4975, 10032, '2022-09-20', '08:00:00.000000', '17:00:00.000000'),
(4976, 10032, '2022-09-21', '08:00:00.000000', '17:00:00.000000'),
(4977, 10032, '2022-09-22', '08:00:00.000000', '17:00:00.000000'),
(4978, 10032, '2022-09-23', '08:00:00.000000', '17:00:00.000000'),
(4979, 10032, '2022-09-26', '08:00:00.000000', '17:00:00.000000'),
(4980, 10032, '2022-09-27', '08:00:00.000000', '17:00:00.000000'),
(4981, 10032, '2022-09-28', '10:00:00.000000', '17:00:00.000000'),
(4982, 10032, '2022-09-29', '08:00:00.000000', '17:00:00.000000'),
(4983, 10032, '2022-09-30', '08:00:00.000000', '17:00:00.000000'),
(4984, 10032, '2022-10-03', '08:00:00.000000', '17:00:00.000000'),
(4985, 10032, '2022-10-04', '08:00:00.000000', '17:00:00.000000'),
(4986, 10032, '2022-10-05', '08:00:00.000000', '17:00:00.000000'),
(4987, 10032, '2022-10-06', '08:00:00.000000', '17:00:00.000000'),
(4988, 10032, '2022-10-07', '10:00:00.000000', '17:00:00.000000'),
(4989, 10032, '2022-10-10', '08:00:00.000000', '17:00:00.000000'),
(4990, 10032, '2022-10-11', '08:00:00.000000', '17:00:00.000000'),
(4991, 10032, '2022-10-12', '08:00:00.000000', '17:00:00.000000'),
(4992, 10032, '2022-10-13', '08:00:00.000000', '17:00:00.000000'),
(4993, 10032, '2022-10-14', '08:00:00.000000', '17:00:00.000000'),
(4994, 10032, '2022-10-17', '08:00:00.000000', '17:00:00.000000'),
(4995, 10032, '2022-10-18', '10:00:00.000000', '17:00:00.000000'),
(4996, 10032, '2022-10-19', '08:00:00.000000', '17:00:00.000000'),
(4997, 10032, '2022-10-20', '08:00:00.000000', '17:00:00.000000'),
(4998, 10032, '2022-10-21', '08:00:00.000000', '17:00:00.000000'),
(4999, 10032, '2022-10-24', '08:00:00.000000', '17:00:00.000000'),
(5000, 10032, '2022-10-25', '08:00:00.000000', '17:00:00.000000'),
(5001, 10032, '2022-10-26', '08:00:00.000000', '17:00:00.000000'),
(5002, 10032, '2022-10-27', '10:00:00.000000', '17:00:00.000000'),
(5003, 10032, '2022-10-28', '08:00:00.000000', '17:00:00.000000'),
(5004, 10032, '2022-10-31', '08:00:00.000000', '17:00:00.000000'),
(5005, 10032, '2022-11-01', '12:00:00.000000', '00:00:00.000000'),
(5006, 10032, '2022-11-02', '08:00:00.000000', '17:00:00.000000'),
(5007, 10032, '2022-11-03', '08:00:00.000000', '17:00:00.000000'),
(5008, 10032, '2022-11-04', '08:00:00.000000', '17:00:00.000000'),
(5009, 10032, '2022-11-07', '10:00:00.000000', '17:00:00.000000'),
(5010, 10032, '2022-11-08', '08:00:00.000000', '17:00:00.000000'),
(5011, 10032, '2022-11-09', '08:00:00.000000', '17:00:00.000000'),
(5012, 10032, '2022-11-10', '08:00:00.000000', '17:00:00.000000'),
(5013, 10032, '2022-11-11', '08:00:00.000000', '17:00:00.000000'),
(5014, 10032, '2022-11-14', '08:00:00.000000', '17:00:00.000000'),
(5015, 10032, '2022-11-15', '08:00:00.000000', '17:00:00.000000'),
(5016, 10032, '2022-11-16', '10:00:00.000000', '17:00:00.000000'),
(5017, 10032, '2022-11-17', '08:00:00.000000', '17:00:00.000000'),
(5018, 10032, '2022-11-18', '08:00:00.000000', '17:00:00.000000'),
(5019, 10032, '2022-11-21', '08:00:00.000000', '17:00:00.000000'),
(5020, 10032, '2022-11-22', '08:00:00.000000', '17:00:00.000000'),
(5021, 10032, '2022-11-23', '08:00:00.000000', '17:00:00.000000'),
(5022, 10032, '2022-11-24', '08:00:00.000000', '17:00:00.000000'),
(5023, 10032, '2022-11-25', '10:00:00.000000', '17:00:00.000000'),
(5024, 10032, '2022-11-28', '08:00:00.000000', '17:00:00.000000'),
(5025, 10032, '2022-11-29', '08:00:00.000000', '17:00:00.000000'),
(5026, 10032, '2022-11-30', '12:00:00.000000', '00:00:00.000000'),
(5027, 10032, '2022-12-01', '08:00:00.000000', '17:00:00.000000'),
(5028, 10032, '2022-12-02', '08:00:00.000000', '17:00:00.000000'),
(5029, 10032, '2022-12-05', '08:00:00.000000', '17:00:00.000000'),
(5030, 10032, '2022-12-06', '10:00:00.000000', '17:00:00.000000'),
(5031, 10032, '2022-12-07', '08:00:00.000000', '17:00:00.000000'),
(5032, 10032, '2022-12-08', '12:00:00.000000', '00:00:00.000000'),
(5033, 10032, '2022-12-09', '08:00:00.000000', '17:00:00.000000'),
(5034, 10032, '2022-12-12', '08:00:00.000000', '17:00:00.000000'),
(5035, 10032, '2022-12-13', '08:00:00.000000', '17:00:00.000000'),
(5036, 10032, '2022-12-14', '08:00:00.000000', '17:00:00.000000'),
(5037, 10032, '2022-12-15', '10:00:00.000000', '17:00:00.000000'),
(5038, 10032, '2022-12-16', '08:00:00.000000', '17:00:00.000000'),
(5039, 10032, '2022-12-19', '08:00:00.000000', '17:00:00.000000'),
(5040, 10032, '2022-12-20', '08:00:00.000000', '17:00:00.000000'),
(5041, 10032, '2022-12-21', '08:00:00.000000', '17:00:00.000000'),
(5042, 10032, '2022-12-22', '08:00:00.000000', '17:00:00.000000'),
(5043, 10032, '2022-12-23', '08:00:00.000000', '17:00:00.000000'),
(5044, 10032, '2022-12-26', '10:00:00.000000', '17:00:00.000000'),
(5045, 10032, '2022-12-27', '08:00:00.000000', '17:00:00.000000'),
(5046, 10032, '2022-12-28', '08:00:00.000000', '17:00:00.000000'),
(5047, 10032, '2022-12-29', '08:00:00.000000', '17:00:00.000000'),
(5048, 10032, '2022-12-30', '12:00:00.000000', '17:00:00.000000'),
(5049, 10033, '2022-09-01', '08:00:00.000000', '17:00:00.000000'),
(5050, 10033, '2022-09-02', '08:00:00.000000', '17:00:00.000000'),
(5051, 10033, '2022-09-05', '08:00:00.000000', '17:00:00.000000'),
(5052, 10033, '2022-09-06', '08:00:00.000000', '17:00:00.000000'),
(5053, 10033, '2022-09-07', '08:00:00.000000', '17:00:00.000000'),
(5054, 10033, '2022-09-08', '10:00:00.000000', '17:00:00.000000'),
(5055, 10033, '2022-09-09', '08:00:00.000000', '17:00:00.000000'),
(5056, 10033, '2022-09-12', '08:00:00.000000', '17:00:00.000000'),
(5057, 10033, '2022-09-13', '08:00:00.000000', '17:00:00.000000'),
(5058, 10033, '2022-09-14', '08:00:00.000000', '17:00:00.000000'),
(5059, 10033, '2022-09-15', '08:00:00.000000', '17:00:00.000000'),
(5060, 10033, '2022-09-16', '08:00:00.000000', '17:00:00.000000'),
(5061, 10033, '2022-09-19', '10:00:00.000000', '17:00:00.000000'),
(5062, 10033, '2022-09-20', '08:00:00.000000', '17:00:00.000000'),
(5063, 10033, '2022-09-21', '08:00:00.000000', '17:00:00.000000'),
(5064, 10033, '2022-09-22', '08:00:00.000000', '17:00:00.000000'),
(5065, 10033, '2022-09-23', '08:00:00.000000', '17:00:00.000000'),
(5066, 10033, '2022-09-26', '08:00:00.000000', '17:00:00.000000'),
(5067, 10033, '2022-09-27', '08:00:00.000000', '17:00:00.000000'),
(5068, 10033, '2022-09-28', '10:00:00.000000', '17:00:00.000000'),
(5069, 10033, '2022-09-29', '08:00:00.000000', '17:00:00.000000'),
(5070, 10033, '2022-09-30', '08:00:00.000000', '17:00:00.000000'),
(5071, 10033, '2022-10-03', '08:00:00.000000', '17:00:00.000000'),
(5072, 10033, '2022-10-04', '08:00:00.000000', '17:00:00.000000'),
(5073, 10033, '2022-10-05', '08:00:00.000000', '17:00:00.000000'),
(5074, 10033, '2022-10-06', '08:00:00.000000', '17:00:00.000000'),
(5075, 10033, '2022-10-07', '10:00:00.000000', '17:00:00.000000'),
(5076, 10033, '2022-10-10', '08:00:00.000000', '17:00:00.000000'),
(5077, 10033, '2022-10-11', '08:00:00.000000', '17:00:00.000000'),
(5078, 10033, '2022-10-12', '08:00:00.000000', '17:00:00.000000'),
(5079, 10033, '2022-10-13', '08:00:00.000000', '17:00:00.000000'),
(5080, 10033, '2022-10-14', '08:00:00.000000', '17:00:00.000000'),
(5081, 10033, '2022-10-17', '08:00:00.000000', '17:00:00.000000'),
(5082, 10033, '2022-10-18', '10:00:00.000000', '17:00:00.000000'),
(5083, 10033, '2022-10-19', '08:00:00.000000', '17:00:00.000000'),
(5084, 10033, '2022-10-20', '08:00:00.000000', '17:00:00.000000'),
(5085, 10033, '2022-10-21', '08:00:00.000000', '17:00:00.000000'),
(5086, 10033, '2022-10-24', '08:00:00.000000', '17:00:00.000000'),
(5087, 10033, '2022-10-25', '08:00:00.000000', '17:00:00.000000'),
(5088, 10033, '2022-10-26', '08:00:00.000000', '17:00:00.000000'),
(5089, 10033, '2022-10-27', '10:00:00.000000', '17:00:00.000000'),
(5090, 10033, '2022-10-28', '08:00:00.000000', '17:00:00.000000'),
(5091, 10033, '2022-10-31', '08:00:00.000000', '17:00:00.000000'),
(5092, 10033, '2022-11-01', '12:00:00.000000', '00:00:00.000000'),
(5093, 10033, '2022-11-02', '08:00:00.000000', '17:00:00.000000'),
(5094, 10033, '2022-11-03', '08:00:00.000000', '17:00:00.000000'),
(5095, 10033, '2022-11-04', '08:00:00.000000', '17:00:00.000000'),
(5096, 10033, '2022-11-07', '10:00:00.000000', '17:00:00.000000'),
(5097, 10033, '2022-11-08', '08:00:00.000000', '17:00:00.000000'),
(5098, 10033, '2022-11-09', '08:00:00.000000', '17:00:00.000000'),
(5099, 10033, '2022-11-10', '08:00:00.000000', '17:00:00.000000'),
(5100, 10033, '2022-11-11', '08:00:00.000000', '17:00:00.000000'),
(5101, 10033, '2022-11-14', '08:00:00.000000', '17:00:00.000000'),
(5102, 10033, '2022-11-15', '08:00:00.000000', '17:00:00.000000'),
(5103, 10033, '2022-11-16', '10:00:00.000000', '17:00:00.000000'),
(5104, 10033, '2022-11-17', '08:00:00.000000', '17:00:00.000000'),
(5105, 10033, '2022-11-18', '08:00:00.000000', '17:00:00.000000'),
(5106, 10033, '2022-11-21', '08:00:00.000000', '17:00:00.000000'),
(5107, 10033, '2022-11-22', '08:00:00.000000', '17:00:00.000000'),
(5108, 10033, '2022-11-23', '08:00:00.000000', '17:00:00.000000'),
(5109, 10033, '2022-11-24', '08:00:00.000000', '17:00:00.000000'),
(5110, 10033, '2022-11-25', '10:00:00.000000', '17:00:00.000000'),
(5111, 10033, '2022-11-28', '08:00:00.000000', '17:00:00.000000'),
(5112, 10033, '2022-11-29', '08:00:00.000000', '17:00:00.000000'),
(5113, 10033, '2022-11-30', '12:00:00.000000', '00:00:00.000000'),
(5114, 10033, '2022-12-01', '08:00:00.000000', '17:00:00.000000'),
(5115, 10033, '2022-12-02', '08:00:00.000000', '17:00:00.000000'),
(5116, 10033, '2022-12-05', '08:00:00.000000', '17:00:00.000000'),
(5117, 10033, '2022-12-06', '10:00:00.000000', '17:00:00.000000'),
(5118, 10033, '2022-12-07', '08:00:00.000000', '17:00:00.000000'),
(5119, 10033, '2022-12-08', '12:00:00.000000', '00:00:00.000000'),
(5120, 10033, '2022-12-09', '08:00:00.000000', '17:00:00.000000'),
(5121, 10033, '2022-12-12', '08:00:00.000000', '17:00:00.000000'),
(5122, 10033, '2022-12-13', '08:00:00.000000', '17:00:00.000000'),
(5123, 10033, '2022-12-14', '08:00:00.000000', '17:00:00.000000'),
(5124, 10033, '2022-12-15', '10:00:00.000000', '17:00:00.000000'),
(5125, 10033, '2022-12-16', '08:00:00.000000', '17:00:00.000000'),
(5126, 10033, '2022-12-19', '08:00:00.000000', '17:00:00.000000'),
(5127, 10033, '2022-12-20', '08:00:00.000000', '17:00:00.000000'),
(5128, 10033, '2022-12-21', '08:00:00.000000', '17:00:00.000000'),
(5129, 10033, '2022-12-22', '08:00:00.000000', '17:00:00.000000'),
(5130, 10033, '2022-12-23', '08:00:00.000000', '17:00:00.000000'),
(5131, 10033, '2022-12-26', '10:00:00.000000', '17:00:00.000000'),
(5132, 10033, '2022-12-27', '08:00:00.000000', '17:00:00.000000'),
(5133, 10033, '2022-12-28', '08:00:00.000000', '17:00:00.000000'),
(5134, 10033, '2022-12-29', '08:00:00.000000', '17:00:00.000000'),
(5135, 10033, '2022-12-30', '12:00:00.000000', '17:00:00.000000'),
(5136, 10034, '2022-09-01', '08:00:00.000000', '17:00:00.000000'),
(5137, 10034, '2022-09-02', '08:00:00.000000', '17:00:00.000000'),
(5138, 10034, '2022-09-05', '08:00:00.000000', '17:00:00.000000'),
(5139, 10034, '2022-09-06', '08:00:00.000000', '17:00:00.000000'),
(5140, 10034, '2022-09-07', '08:00:00.000000', '17:00:00.000000'),
(5141, 10034, '2022-09-08', '10:00:00.000000', '17:00:00.000000'),
(5142, 10034, '2022-09-09', '08:00:00.000000', '17:00:00.000000'),
(5143, 10034, '2022-09-12', '08:00:00.000000', '17:00:00.000000'),
(5144, 10034, '2022-09-13', '08:00:00.000000', '17:00:00.000000'),
(5145, 10034, '2022-09-14', '08:00:00.000000', '17:00:00.000000'),
(5146, 10034, '2022-09-15', '08:00:00.000000', '17:00:00.000000'),
(5147, 10034, '2022-09-16', '08:00:00.000000', '17:00:00.000000'),
(5148, 10034, '2022-09-19', '10:00:00.000000', '17:00:00.000000'),
(5149, 10034, '2022-09-20', '08:00:00.000000', '17:00:00.000000'),
(5150, 10034, '2022-09-21', '08:00:00.000000', '17:00:00.000000'),
(5151, 10034, '2022-09-22', '08:00:00.000000', '17:00:00.000000'),
(5152, 10034, '2022-09-23', '08:00:00.000000', '17:00:00.000000'),
(5153, 10034, '2022-09-26', '08:00:00.000000', '17:00:00.000000'),
(5154, 10034, '2022-09-27', '08:00:00.000000', '17:00:00.000000'),
(5155, 10034, '2022-09-28', '10:00:00.000000', '17:00:00.000000'),
(5156, 10034, '2022-09-29', '08:00:00.000000', '17:00:00.000000'),
(5157, 10034, '2022-09-30', '08:00:00.000000', '17:00:00.000000'),
(5158, 10034, '2022-10-03', '08:00:00.000000', '17:00:00.000000'),
(5159, 10034, '2022-10-04', '08:00:00.000000', '17:00:00.000000'),
(5160, 10034, '2022-10-05', '08:00:00.000000', '17:00:00.000000'),
(5161, 10034, '2022-10-06', '08:00:00.000000', '17:00:00.000000'),
(5162, 10034, '2022-10-07', '10:00:00.000000', '17:00:00.000000'),
(5163, 10034, '2022-10-10', '08:00:00.000000', '17:00:00.000000'),
(5164, 10034, '2022-10-11', '08:00:00.000000', '17:00:00.000000'),
(5165, 10034, '2022-10-12', '08:00:00.000000', '17:00:00.000000'),
(5166, 10034, '2022-10-13', '08:00:00.000000', '17:00:00.000000'),
(5167, 10034, '2022-10-14', '08:00:00.000000', '17:00:00.000000'),
(5168, 10034, '2022-10-17', '08:00:00.000000', '17:00:00.000000'),
(5169, 10034, '2022-10-18', '10:00:00.000000', '17:00:00.000000'),
(5170, 10034, '2022-10-19', '08:00:00.000000', '17:00:00.000000'),
(5171, 10034, '2022-10-20', '08:00:00.000000', '17:00:00.000000'),
(5172, 10034, '2022-10-21', '08:00:00.000000', '17:00:00.000000'),
(5173, 10034, '2022-10-24', '08:00:00.000000', '17:00:00.000000'),
(5174, 10034, '2022-10-25', '08:00:00.000000', '17:00:00.000000'),
(5175, 10034, '2022-10-26', '08:00:00.000000', '17:00:00.000000'),
(5176, 10034, '2022-10-27', '10:00:00.000000', '17:00:00.000000'),
(5177, 10034, '2022-10-28', '08:00:00.000000', '17:00:00.000000'),
(5178, 10034, '2022-10-31', '08:00:00.000000', '17:00:00.000000'),
(5179, 10034, '2022-11-01', '12:00:00.000000', '00:00:00.000000'),
(5180, 10034, '2022-11-02', '08:00:00.000000', '17:00:00.000000'),
(5181, 10034, '2022-11-03', '08:00:00.000000', '17:00:00.000000'),
(5182, 10034, '2022-11-04', '08:00:00.000000', '17:00:00.000000'),
(5183, 10034, '2022-11-07', '10:00:00.000000', '17:00:00.000000'),
(5184, 10034, '2022-11-08', '08:00:00.000000', '17:00:00.000000'),
(5185, 10034, '2022-11-09', '08:00:00.000000', '17:00:00.000000'),
(5186, 10034, '2022-11-10', '08:00:00.000000', '17:00:00.000000'),
(5187, 10034, '2022-11-11', '08:00:00.000000', '17:00:00.000000'),
(5188, 10034, '2022-11-14', '08:00:00.000000', '17:00:00.000000'),
(5189, 10034, '2022-11-15', '08:00:00.000000', '17:00:00.000000'),
(5190, 10034, '2022-11-16', '10:00:00.000000', '17:00:00.000000'),
(5191, 10034, '2022-11-17', '08:00:00.000000', '17:00:00.000000'),
(5192, 10034, '2022-11-18', '08:00:00.000000', '17:00:00.000000'),
(5193, 10034, '2022-11-21', '08:00:00.000000', '17:00:00.000000'),
(5194, 10034, '2022-11-22', '08:00:00.000000', '17:00:00.000000'),
(5195, 10034, '2022-11-23', '08:00:00.000000', '17:00:00.000000'),
(5196, 10034, '2022-11-24', '08:00:00.000000', '17:00:00.000000'),
(5197, 10034, '2022-11-25', '10:00:00.000000', '17:00:00.000000'),
(5198, 10034, '2022-11-28', '08:00:00.000000', '17:00:00.000000'),
(5199, 10034, '2022-11-29', '08:00:00.000000', '17:00:00.000000'),
(5200, 10034, '2022-11-30', '12:00:00.000000', '00:00:00.000000'),
(5201, 10034, '2022-12-01', '08:00:00.000000', '17:00:00.000000'),
(5202, 10034, '2022-12-02', '08:00:00.000000', '17:00:00.000000'),
(5203, 10034, '2022-12-05', '08:00:00.000000', '17:00:00.000000'),
(5204, 10034, '2022-12-06', '10:00:00.000000', '17:00:00.000000'),
(5205, 10034, '2022-12-07', '08:00:00.000000', '17:00:00.000000'),
(5206, 10034, '2022-12-08', '12:00:00.000000', '00:00:00.000000'),
(5207, 10034, '2022-12-09', '08:00:00.000000', '17:00:00.000000'),
(5208, 10034, '2022-12-12', '08:00:00.000000', '17:00:00.000000'),
(5209, 10034, '2022-12-13', '08:00:00.000000', '17:00:00.000000'),
(5210, 10034, '2022-12-14', '08:00:00.000000', '17:00:00.000000'),
(5211, 10034, '2022-12-15', '10:00:00.000000', '17:00:00.000000'),
(5212, 10034, '2022-12-16', '08:00:00.000000', '17:00:00.000000'),
(5213, 10034, '2022-12-19', '08:00:00.000000', '17:00:00.000000'),
(5214, 10034, '2022-12-20', '08:00:00.000000', '17:00:00.000000'),
(5215, 10034, '2022-12-21', '08:00:00.000000', '17:00:00.000000'),
(5216, 10034, '2022-12-22', '08:00:00.000000', '17:00:00.000000'),
(5217, 10034, '2022-12-23', '08:00:00.000000', '17:00:00.000000'),
(5218, 10034, '2022-12-26', '10:00:00.000000', '17:00:00.000000'),
(5219, 10034, '2022-12-27', '08:00:00.000000', '17:00:00.000000'),
(5220, 10034, '2022-12-28', '08:00:00.000000', '17:00:00.000000'),
(5221, 10034, '2022-12-29', '08:00:00.000000', '17:00:00.000000'),
(5222, 10034, '2022-12-30', '12:00:00.000000', '17:00:00.000000'),
(5223, 10001, '2024-06-23', '07:56:00.000000', '07:57:00.000000');

-- --------------------------------------------------------

--
-- Stand-in structure for view `attendance_details`
-- (See below for the actual view)
--
CREATE TABLE `attendance_details` (
`employeeID` int(20)
,`date` date
,`formattedTimeIn` varchar(13)
,`formattedTimeOut` varchar(13)
,`workHours` int(2)
,`overtime` int(3)
,`status` varchar(7)
);

-- --------------------------------------------------------

--
-- Table structure for table `basicsalary`
--

CREATE TABLE `basicsalary` (
  `basicSalaryID` int(20) NOT NULL,
  `salary` decimal(10,2) NOT NULL,
  `hourlyrate` double(10,2) DEFAULT NULL
) ENGINE=InnoDB DEFAULT CHARSET=utf8mb4 COLLATE=utf8mb4_general_ci;

--
-- Dumping data for table `basicsalary`
--

INSERT INTO `basicsalary` (`basicSalaryID`, `salary`, `hourlyrate`) VALUES
(20001, 22500.00, 133.93),
(20002, 23250.00, 138.39),
(20003, 24000.00, 142.86),
(20004, 24750.00, 147.32),
(20005, 38475.00, 229.02),
(20006, 41850.00, 249.11),
(20007, 42975.00, 255.80),
(20008, 50825.00, 302.53),
(20009, 52670.00, 313.51),
(20010, 53500.00, 318.45),
(20011, 60000.00, 357.14),
(20012, 90000.00, 535.71);

-- --------------------------------------------------------

--
-- Table structure for table `benefitamount`
--

CREATE TABLE `benefitamount` (
  `benefitTypeID` int(20) NOT NULL,
  `positionID` int(20) NOT NULL,
  `amount` decimal(20,2) NOT NULL
) ENGINE=InnoDB DEFAULT CHARSET=utf8mb4 COLLATE=utf8mb4_general_ci;

--
-- Dumping data for table `benefitamount`
--

INSERT INTO `benefitamount` (`benefitTypeID`, `positionID`, `amount`) VALUES
(601, 401, 1500.00),
(601, 402, 1500.00),
(601, 403, 1500.00),
(601, 404, 1500.00),
(601, 405, 1500.00),
(601, 406, 1500.00),
(601, 407, 1500.00),
(601, 408, 1500.00),
(601, 409, 1500.00),
(601, 410, 1500.00),
(601, 411, 1500.00),
(601, 412, 1500.00),
(601, 413, 1500.00),
(601, 414, 1500.00),
(601, 415, 1500.00),
(601, 416, 1500.00),
(601, 417, 1500.00),
(601, 418, 1500.00),
(602, 401, 2000.00),
(602, 402, 2000.00),
(602, 403, 2000.00),
(602, 404, 2000.00),
(602, 405, 1000.00),
(602, 406, 1000.00),
(602, 407, 800.00),
(602, 408, 500.00),
(602, 409, 1000.00),
(602, 410, 1000.00),
(602, 411, 800.00),
(602, 412, 500.00),
(602, 413, 1000.00),
(602, 414, 800.00),
(602, 415, 500.00),
(602, 416, 1000.00),
(602, 417, 1000.00),
(602, 418, 1000.00),
(603, 401, 1000.00),
(603, 402, 1000.00),
(603, 403, 1000.00),
(603, 404, 1000.00),
(603, 405, 1000.00),
(603, 406, 1000.00),
(603, 407, 800.00),
(603, 408, 500.00),
(603, 409, 1000.00),
(603, 410, 1000.00),
(603, 411, 800.00),
(603, 412, 500.00),
(603, 413, 1000.00),
(603, 414, 800.00),
(603, 415, 500.00),
(603, 416, 1000.00),
(603, 417, 1000.00),
(603, 418, 1000.00),
(601, 401, 1500.00),
(601, 402, 1500.00),
(601, 403, 1500.00),
(601, 404, 1500.00),
(601, 405, 1500.00),
(601, 406, 1500.00),
(601, 407, 1500.00),
(601, 408, 1500.00),
(601, 409, 1500.00),
(601, 410, 1500.00),
(601, 411, 1500.00),
(601, 412, 1500.00),
(601, 413, 1500.00),
(601, 414, 1500.00),
(601, 415, 1500.00),
(601, 416, 1500.00),
(601, 417, 1500.00),
(601, 418, 1500.00),
(602, 401, 2000.00),
(602, 402, 2000.00),
(602, 403, 2000.00),
(602, 404, 2000.00),
(602, 405, 1000.00),
(602, 406, 1000.00),
(602, 407, 800.00),
(602, 408, 500.00),
(602, 409, 1000.00),
(602, 410, 1000.00),
(602, 411, 800.00),
(602, 412, 500.00),
(602, 413, 1000.00),
(602, 414, 800.00),
(602, 415, 500.00),
(602, 416, 1000.00),
(602, 417, 1000.00),
(602, 418, 1000.00),
(603, 401, 1000.00),
(603, 402, 1000.00),
(603, 403, 1000.00),
(603, 404, 1000.00),
(603, 405, 1000.00),
(603, 406, 1000.00),
(603, 407, 800.00),
(603, 408, 500.00),
(603, 409, 1000.00),
(603, 410, 1000.00),
(603, 411, 800.00),
(603, 412, 500.00),
(603, 413, 1000.00),
(603, 414, 800.00),
(603, 415, 500.00),
(603, 416, 1000.00),
(603, 417, 1000.00),
(603, 418, 1000.00);

-- --------------------------------------------------------

--
-- Table structure for table `benefittype`
--

CREATE TABLE `benefittype` (
  `benefitTypeID` int(20) NOT NULL,
  `benefitType` varchar(40) NOT NULL
) ENGINE=InnoDB DEFAULT CHARSET=utf8mb4 COLLATE=utf8mb4_general_ci;

--
-- Dumping data for table `benefittype`
--

INSERT INTO `benefittype` (`benefitTypeID`, `benefitType`) VALUES
(601, 'rice'),
(602, 'phone'),
(603, 'clothing');

-- --------------------------------------------------------

--
-- Stand-in structure for view `benefit_details`
-- (See below for the actual view)
--
CREATE TABLE `benefit_details` (
`EmployeeID` int(20)
,`position` varchar(255)
,`Rice` decimal(20,0)
,`Phone` decimal(20,0)
,`Clothing` decimal(20,0)
);

-- --------------------------------------------------------

--
-- Stand-in structure for view `benefit_summary`
-- (See below for the actual view)
--
CREATE TABLE `benefit_summary` (
`employeeID` int(20)
,`position` varchar(255)
,`benefitType` varchar(20)
,`amount` decimal(20,0)
);

-- --------------------------------------------------------

--
-- Stand-in structure for view `deduction_details`
-- (See below for the actual view)
--
CREATE TABLE `deduction_details` (
`payPeriodID` int(20)
,`employeeID` int(20)
,`SSS` decimal(10,2)
,`PagIBIG` decimal(10,2)
,`PhilHealth` decimal(13,4)
,`Tax` decimal(20,4)
,`TotalDeduction` decimal(21,4)
);

-- --------------------------------------------------------

--
-- Table structure for table `department`
--

CREATE TABLE `department` (
  `depID` int(20) NOT NULL,
  `department` varchar(40) NOT NULL
) ENGINE=InnoDB DEFAULT CHARSET=utf8mb4 COLLATE=utf8mb4_general_ci;

--
-- Dumping data for table `department`
--

INSERT INTO `department` (`depID`, `department`) VALUES
(501, 'Executive'),
(502, 'Operations'),
(503, 'Finance'),
(504, 'Sales and Marketing'),
(505, 'IT'),
(506, 'HR');

-- --------------------------------------------------------

--
-- Stand-in structure for view `earnings_view`
-- (See below for the actual view)
--
CREATE TABLE `earnings_view` (
`payPeriodID` int(20)
,`employeeID` int(20)
,`TotalOvertime` decimal(32,0)
,`DaysWorked` bigint(21)
,`basicSalary` decimal(10,2)
,`dailyrate` double(19,2)
,`accumulatedOvertime` double(19,2)
,`grossSalaryWithoutOvertime` double(19,2)
,`grossSalaryWithOvertime` double(19,2)
);

-- --------------------------------------------------------

--
-- Table structure for table `employee`
--

CREATE TABLE `employee` (
  `employeeID` int(10) NOT NULL,
  `lastName` varchar(20) NOT NULL,
  `firstName` varchar(20) NOT NULL,
  `birthDate` date NOT NULL,
  `streetAddress` varchar(40) NOT NULL,
  `city` varchar(40) NOT NULL,
  `province` varchar(40) NOT NULL,
  `zip` varchar(40) NOT NULL,
  `phoneNo` varchar(40) NOT NULL,
  `email` varchar(40) NOT NULL,
  `sssNo` varchar(40) NOT NULL,
  `philhealthNo` varchar(40) NOT NULL,
  `tin` varchar(40) NOT NULL,
  `pagibigNo` varchar(40) NOT NULL,
  `positionID` int(10) NOT NULL,
  `depID` int(10) NOT NULL,
  `status` varchar(40) NOT NULL,
  `supervisorID` int(10) DEFAULT NULL,
  `basicSalaryID` int(10) NOT NULL
) ENGINE=InnoDB DEFAULT CHARSET=utf8mb4 COLLATE=utf8mb4_general_ci;

--
-- Dumping data for table `employee`
--

INSERT INTO `employee` (`employeeID`, `lastName`, `firstName`, `birthDate`, `streetAddress`, `city`, `province`, `zip`, `phoneNo`, `email`, `sssNo`, `philhealthNo`, `tin`, `pagibigNo`, `positionID`, `depID`, `status`, `supervisorID`, `basicSalaryID`) VALUES
(10001, 'Garcia', 'Manuel III', '1983-10-11', 'Valero Carpark Build', 'Makati City', 'Metro Manila', '1227', '966-860-270', 'mgarcia01@motorph.co', '44-4506057-3', '820126853951', '442-605-657-000', '691295330870', 401, 501, 'Regular', NULL, 20012),
(10002, 'Lim', 'Antonio', '1988-06-19', 'San Antonio De Padua', 'Dasmarinas', 'Cavite', '4114', '171-867-411', 'alim02@motorph.com', '52-2061274-9', '331735646338', '683-102-776-000', '663904995411', 402, 502, 'Regular', 10001, 20011),
(10003, 'Aquino', 'Bianca Sofia', '1989-08-04', 'Rm. 402 4/F Jiao Bui', 'Quezon City', 'Metro Manila', '1100', '966-889-370', 'bsaquino03@motorph.c', '30-8870406-2', '177451189665', '971-711-280-000', '171519773969', 403, 503, 'Regular', 10001, 20011),
(10004, 'Reyes', 'Isabella', '1994-06-16', '460 Solanda Street I', 'Manila', 'Metro Manila', '1002', '786-868-477', 'ireyes04@motorph.com', '40-2511815-0', '341911411254', '876-809-437-000', '416946776041', 404, 504, 'Regular', 10001, 20011),
(10005, 'Hernandez', 'Eduard', '1989-09-23', 'National Highway', 'Gingoog', 'Misamis Occidental', '9014', '088-861-012', 'ehernandez05@motorph', '50-5577638-1', '957436191812', '031-702-374-000', '952347222457', 405, 505, 'Regular', 10002, 20009),
(10006, 'Villanueva', 'Andrea Mae', '1988-02-14', '17/85 Stracke Via Su', 'Las Pinas', 'Dinagat Islands', '4783', '918-621-603', 'amvillanueva06@motor', '49-1632020-8', '382189453145', '317-674-022-000', '441093369646', 406, 506, 'Regular', 10002, 20009),
(10007, 'San Jose', 'Brad ', '1996-03-15', '99 Strosin Hills, Po', 'Bislig', 'Tawi-tawi', '5340', '797-009-261', 'bsanjose07@motorph.c', '40-2400714-1', '239192926939', '672-474-690-000', '210850209964', 407, 506, 'Regular', 10006, 20007),
(10008, 'Romualdez', 'Alice', '1992-05-14', '12A/33 Upton Isle Ap', 'Roxas City', 'Surigao del Norte', '1814', '983-606-799', 'aromualdez08@motorph', '55-4476527-2', '545652640232', '888-572-294-000', '211385556888', 408, 506, 'Regular', 10007, 20001),
(10009, 'Atienza', 'Rosie ', '1948-09-24', '90A Dibbert Terrace ', 'San Lorenzo', 'Davao del Norte', '6056', '266-036-427', 'ratienza09@motorph.c', '41-0644692-3', '708988234853', '604-997-793-000', '260107732354', 408, 506, 'Regular', 10007, 20001),
(10010, 'Alvaro', 'Roderick', '1988-03-30', '#284 T. Morato corne', 'Quezon City', 'Metro Manila', '1103', '053-381-386', 'ralvaro10@motorph.co', '64-7605054-4', '578114853194', '525-420-419-000', '799254095212', 409, 503, 'Regular', 10003, 20009),
(10011, 'Salcedo', 'Anthony', '1993-09-14', '93/54 Shanahan Alley', 'Santo Tomas', 'Masbate', '1572', '070-766-300', 'asalcedo11@motorph.c', '26-9647608-3', '126445315651', '210-805-911-000', '218002473454', 410, 503, 'Regular', 10010, 20008),
(10012, 'Lopez', 'Josie', '1987-01-14', '49 Springs Apt. 266,', 'Taguig', 'Occidental Mindoro', '3200', '478-355-427', 'jlopez12@motorph.com', '44-8563448-3', '431709011012', '218-489-737-000', '113071293354', 411, 503, 'Regular', 10011, 20005),
(10013, 'Farala', 'Martha', '1942-01-11', '42/25 Sawayn Stream', 'Ubay', 'Zamboanga del Norte', '1208', '329-034-366', 'mfarala13@motorph.co', '45-5656375-0', '233693897247', '210-835-851-000', '631130283546', 412, 503, 'Regular', 10011, 20003),
(10014, 'Martinez', 'Leila', '1970-07-11', '37/46 Kulas Roads', 'Maragondon', 'Quirino', '1962', '877-110-749', 'lmartinez14@motorph.', '27-2090996-4', '515741057496', '275-792-513-000', '101205445886', 412, 503, 'Regular', 10011, 20003),
(10015, 'Romualdez', 'Fredrick ', '1985-03-10', '22A/52 Lubowitz Mead', 'Pililla', 'Zambales', '4895', '023-079-009', 'fromualdez15@motorph', '26-8768374-1', '308366860059', '598-065-761-000', '223057707853', 413, 502, 'Regular', 10002, 20010),
(10016, 'Mata', 'Christian', '1987-10-21', '90 O\'Keefe Spur Apt.', 'Catigbian', 'Sulu', '2772', '783-776-744', 'cmata16@motorph.com', '49-2959312-6', '824187961962', '103-100-522-000', '631052853464', 414, 502, 'Regular', 10008, 20007),
(10017, 'De Leon', 'Selena ', '1975-02-20', '89A Armstrong Trace', 'Compostela', 'Maguindanao', '1874', '975-432-139', 'sdeleon17@motorph.co', '27-2090208-8', '587272469938', '482-259-498-000', '719007608464', 414, 502, 'Regular', 10008, 20006),
(10018, 'San Jose', 'Allison ', '1986-06-24', '08 Grant Drive Suite', 'Iloilo City', 'La Union', '9186', '179-075-129', 'asanjose18@motorph.c', '45-3251383-0', '745148459521', '121-203-336-000', '114901859343', 415, 502, 'Regular', 10016, 20001),
(10019, 'Rosario', 'Cydney ', '1996-10-06', '93A/21 Berge Points', 'Tapaz', 'Quezon', '2180', '868-819-912', 'crosario19@motorph.c', '49-1629900-2', '579253435499', '122-244-511-000', '265104358643', 415, 502, 'Regular', 10016, 20001),
(10020, 'Bautista', 'Mark ', '1991-02-12', '65 Murphy Center Sui', 'Palayan', 'Quirino', '5636', '683-725-348', 'mbautista20@motorph.', '49-1647342-5', '399665157135', '273-970-941-000', '260054585575', 415, 502, 'Regular', 10016, 20002),
(10021, 'Lazaro', 'Darlene ', '1985-11-25', '47A/94 Larkin Plaza ', 'Caloocan', 'Quirino', '2751', '740-721-558', 'dlazaro21@motorph.co', '45-5617168-2', '606386917510', '354-650-951-000', '104907708845', 415, 502, 'Probationary', 10016, 20002),
(10022, 'Delos Santos', 'Kolby ', '1980-02-26', '06A Gulgowski Extens', 'Bongabon', 'Zamboanga del Sur', '6085', '739-443-033', 'kdelossantos22@motor', '52-0109570-6', '357451271274', '187-500-345-000', '113017988667', 415, 502, 'Probationary', 10016, 20003),
(10023, 'Santos', 'Vella ', '1983-12-31', '99A Padberg Spring, ', 'Mabalacat', 'Lanao del Sur', '3959', '955-879-269', 'vsantos23@motorph.co', '52-9883524-3', '548670482885', '101-558-994-000', '360028104576', 415, 502, 'Probationary', 10016, 20001),
(10024, 'Del Rosario', 'Tomas', '1978-12-18', '80A/48 Ledner Ridges', 'Kabankalan', 'Marinduque', '8870', '882-550-989', 'tdelrosario24@motorp', '45-5866331-6', '953901539995', '560-735-732-000', '913108649964', 415, 502, 'Probationary', 10016, 20001),
(10025, 'Tolentino', 'Jacklyn ', '1984-05-19', '96/48 Watsica Flats ', 'Malolos', 'Ifugao', '1844', '675-757-366', 'jtolentino25@motorph', '47-1692793-0', '753800654114', '841-177-857-000', '210546661243', 415, 502, 'Probationary', 10017, 20003),
(10026, 'Gutierrez', 'Percival ', '1970-12-18', '58A Wilderman Walks,', 'Tabuk', 'Davao del Sur', '5822', '512-899-876', 'pgutierrez26@motorph', '40-9504657-8', '797639382265', '502-995-671-000', '210897095686', 415, 502, 'Probationary', 10017, 20004),
(10027, 'Manalaysay', 'Garfield ', '1986-08-28', '60 Goyette Valley Su', 'Digos', 'Lanao del Sur', '3159', '948-628-136', 'gmanalaysay27@motorp', '45-3298166-4', '810909286264', '336-676-445-000', '211274476563', 415, 502, 'Probationary', 10017, 20004),
(10028, 'Villegas', 'Lizeth ', '1981-12-12', '66/77 Mann Views', 'Luisiana', 'Dinagat Islands', '1263', '332-372-215', 'lvillegas28@@motorph', '40-2400719-4', '934389652994', '210-395-397-000', '122238077997', 415, 502, 'Probationary', 10017, 20003),
(10029, 'Ramos', 'Carol ', '1978-08-20', '72/70 Stamm Spurs', 'Bustos', 'Iloilo', '4550', '250-700-389', 'cramos29@motorph.com', '60-1152206-4', '351830469744', '395-032-717-000', '212141893454', 415, 502, 'Probationary', 10017, 20001),
(10030, 'Maceda', 'Emelia ', '1973-04-14', '50A/83 Bahringer Ova', 'Kiamba', 'Nueva Ecija', '7688', '973-358-041', 'emaceda30@motorph.co', '54-1331005-0', '465087894112', '215-973-013-000', '515012579765', 415, 502, 'Probationary', 10017, 20001),
(10031, 'Aguilar', 'Delia ', '1989-01-27', '95 Cremin Junctio', 'Surallah', 'Cotabato', '2809', '529-705-439', 'daguilar31@motorph.c', '52-1859253-1', '136451303068', '599-312-588-000', '110018813465', 415, 502, 'Probationary', 10017, 20001),
(10032, 'Castro', 'John Rafael', '1992-02-09', 'Hi-way, Yati', 'Liloan', 'Cebu', '6002', '332-424-955 ', 'jrcastro32@motorph.c', '26-7145133-4', '601644902402', '404-768-309-000', '697764069311', 416, 504, 'Regular', 10004, 20009),
(10033, 'Martinez', 'Carlos Ian', '1990-11-16', 'Bulala', 'Camalaniugan', 'Cagayan', '3510', '078-854-208', 'cimartinez33@motorph', '11-5062972-7', '380685387212', '256-436-296-000', '993372963726', 417, 504, 'Regular', 10004, 20009),
(10034, 'Santos', 'Beatriz', '1990-08-07', 'Agapita Building', 'Makati City', 'Metro Manila', '1226', '526-639-511', 'bsantos34@motorph.co', '20-2987501-5', '918460050077', '911-529-713-000', '874042259378', 418, 504, 'Regular', 10004, 20009),
(10035, 'Garcia', 'Manuel III', '1983-10-11', 'Valero Carpark Build', 'Makati City', 'Metro Manila', '1227', '966-860-270', 'mgarcia01@motorph.co', '44-4506057-3', '820126853951', '442-605-657-000', '691295330870', 401, 501, 'Regular', NULL, 20001),
(10036, 'Garcia', 'Manuel III', '1983-10-11', 'Valero Carpark Build', 'Makati City', 'Metro Manila', '1227', '966-860-270', 'mgarcia01@motorph.co', '44-4506057-3', '820126853951', '442-605-657-000', '691295330870', 401, 501, 'Regular', NULL, 20001),
(10037, 'Lim', 'Antonio', '1988-06-19', 'San Antonio De Padua', 'Dasmarinas', 'Cavite', '4114', '171-867-411', 'alim02@motorph.com', '52-2061274-9', '331735646338', '683-102-776-000', '663904995411', 402, 502, 'Regular', 10001, 20002);

-- --------------------------------------------------------

--
-- Stand-in structure for view `employeedetails_hrview`
-- (See below for the actual view)
--
CREATE TABLE `employeedetails_hrview` (
`employeeID` int(10)
,`lastName` varchar(20)
,`firstName` varchar(20)
,`birthDate` date
,`streetAddress` varchar(40)
,`city` varchar(40)
,`province` varchar(40)
,`zip` varchar(40)
,`phoneNo` varchar(40)
,`email` varchar(40)
,`sssNo` varchar(40)
,`philhealthNo` varchar(40)
,`pagibigNo` varchar(40)
,`tin` varchar(40)
);

-- --------------------------------------------------------

--
-- Stand-in structure for view `employeedetails_view`
-- (See below for the actual view)
--
CREATE TABLE `employeedetails_view` (
`employeeID` int(10)
,`name` varchar(41)
,`birthDate` date
,`address` varchar(166)
,`phoneNo` varchar(40)
,`sssNo` varchar(40)
,`pagibigNo` varchar(40)
,`philhealthNo` varchar(40)
,`tin` varchar(40)
,`position` varchar(40)
,`department` varchar(40)
,`status` varchar(40)
);

-- --------------------------------------------------------

--
-- Table structure for table `incidentreports`
--

CREATE TABLE `incidentreports` (
  `incidentreportID` int(40) NOT NULL,
  `employeeID` int(10) NOT NULL,
  `date` date NOT NULL,
  `issue` varchar(50) NOT NULL,
  `description` varchar(50) NOT NULL,
  `status` varchar(20) NOT NULL
) ENGINE=InnoDB DEFAULT CHARSET=utf8mb4 COLLATE=utf8mb4_general_ci;

--
-- Dumping data for table `incidentreports`
--

INSERT INTO `incidentreports` (`incidentreportID`, `employeeID`, `date`, `issue`, `description`, `status`) VALUES
(70001, 10001, '2024-06-23', 'forgot password', 'Cant remember my password', 'pending');

-- --------------------------------------------------------

--
-- Table structure for table `leaveapplication`
--

CREATE TABLE `leaveapplication` (
  `leaveapplicationID` int(20) NOT NULL,
  `employeeID` int(20) NOT NULL,
  `datefiled` date NOT NULL,
  `leavetype` varchar(20) NOT NULL,
  `startdate` date NOT NULL,
  `enddate` date NOT NULL,
  `reason` varchar(500) NOT NULL,
  `remarks` varchar(255) DEFAULT 'Pending'
) ENGINE=InnoDB DEFAULT CHARSET=utf8mb4 COLLATE=utf8mb4_general_ci;

--
-- Dumping data for table `leaveapplication`
--

INSERT INTO `leaveapplication` (`leaveapplicationID`, `employeeID`, `datefiled`, `leavetype`, `startdate`, `enddate`, `reason`, `remarks`) VALUES
(900001, 10001, '2024-06-22', 'Vacation Leave', '2024-06-24', '2024-06-24', 'Gala lang lods', 'Pending'),
(900002, 10001, '2024-06-22', 'Vacation Leave', '2024-06-25', '2024-06-25', 'Gala ulit', 'Approved'),
(900003, 10001, '2024-06-22', 'Vacation Leave', '2024-06-25', '2024-06-25', 'New', 'Denied'),
(900004, 10001, '2024-06-22', 'Vacation Leave', '2024-06-26', '2024-06-26', 'bakasyon', 'Approved'),
(900005, 10001, '2024-06-22', 'Sick Leave', '2024-06-10', '2024-06-11', 'may sakit', 'Pending'),
(900006, 10001, '2024-06-22', 'Sick Leave', '2024-06-28', '2024-06-28', 'may sakit', 'Approved'),
(900007, 10006, '2024-06-22', 'Vacation Leave', '2024-06-27', '2024-06-28', 'Mmamoblue', 'Pending'),
(900008, 10001, '2024-06-22', 'Sick Leave', '2024-06-11', '2024-06-11', 'may sakit po', 'Approved');

-- --------------------------------------------------------

--
-- Table structure for table `leavebalance`
--

CREATE TABLE `leavebalance` (
  `leaveBalanceID` int(20) NOT NULL,
  `employeeID` int(20) NOT NULL,
  `leavetypeID` int(20) NOT NULL,
  `leavebalance` int(20) NOT NULL
) ENGINE=InnoDB DEFAULT CHARSET=utf8mb4 COLLATE=utf8mb4_general_ci;

--
-- Dumping data for table `leavebalance`
--

INSERT INTO `leavebalance` (`leaveBalanceID`, `employeeID`, `leavetypeID`, `leavebalance`) VALUES
(300001, 10001, 1001, 11),
(300002, 10002, 1001, 15),
(300003, 10003, 1001, 15),
(300004, 10004, 1001, 15),
(300005, 10005, 1001, 15),
(300006, 10006, 1001, 15),
(300007, 10007, 1001, 15),
(300008, 10008, 1001, 15),
(300009, 10009, 1001, 15),
(300010, 10010, 1001, 15),
(300011, 10011, 1001, 15),
(300012, 10012, 1001, 15),
(300013, 10013, 1001, 15),
(300014, 10014, 1001, 15),
(300015, 10015, 1001, 15),
(300016, 10016, 1001, 15),
(300017, 10017, 1001, 15),
(300018, 10018, 1001, 15),
(300019, 10019, 1001, 15),
(300020, 10020, 1001, 15),
(300021, 10021, 1001, 15),
(300022, 10022, 1001, 15),
(300023, 10023, 1001, 15),
(300024, 10024, 1001, 15),
(300025, 10025, 1001, 15),
(300026, 10026, 1001, 15),
(300027, 10027, 1001, 15),
(300028, 10028, 1001, 15),
(300029, 10029, 1001, 15),
(300030, 10030, 1001, 15),
(300031, 10031, 1001, 15),
(300032, 10032, 1001, 15),
(300033, 10033, 1001, 15),
(300034, 10034, 1001, 15),
(300035, 10001, 1002, 6),
(300036, 10002, 1002, 10),
(300037, 10003, 1002, 10),
(300038, 10004, 1002, 10),
(300039, 10005, 1002, 10),
(300040, 10006, 1002, 8),
(300041, 10007, 1002, 10),
(300042, 10008, 1002, 10),
(300043, 10009, 1002, 10),
(300044, 10010, 1002, 10),
(300045, 10011, 1002, 10),
(300046, 10012, 1002, 10),
(300047, 10013, 1002, 10),
(300048, 10014, 1002, 10),
(300049, 10015, 1002, 10),
(300050, 10016, 1002, 10),
(300051, 10017, 1002, 10),
(300052, 10018, 1002, 10),
(300053, 10019, 1002, 10),
(300054, 10020, 1002, 10),
(300055, 10021, 1002, 10),
(300056, 10022, 1002, 10),
(300057, 10023, 1002, 10),
(300058, 10024, 1002, 10),
(300059, 10025, 1002, 10),
(300060, 10026, 1002, 10),
(300061, 10027, 1002, 10),
(300062, 10028, 1002, 10),
(300063, 10029, 1002, 10),
(300064, 10030, 1002, 10),
(300065, 10031, 1002, 10),
(300066, 10032, 1002, 10),
(300067, 10033, 1002, 10),
(300068, 10034, 1002, 10),
(300069, 10035, 1001, 15),
(300070, 10035, 1002, 10),
(300071, 10036, 1001, 15),
(300072, 10036, 1002, 10),
(300073, 10037, 1001, 15),
(300074, 10037, 1002, 10),
(300075, 10038, 1001, 15),
(300076, 10038, 1002, 10),
(300077, 10036, 1001, 15),
(300078, 10036, 1002, 10),
(300079, 10037, 1001, 15),
(300080, 10037, 1002, 10);

-- --------------------------------------------------------

--
-- Table structure for table `leavetype`
--

CREATE TABLE `leavetype` (
  `leavetypeID` varchar(10) NOT NULL,
  `leavename` varchar(100) DEFAULT NULL
) ENGINE=InnoDB DEFAULT CHARSET=utf8mb4 COLLATE=utf8mb4_general_ci;

--
-- Dumping data for table `leavetype`
--

INSERT INTO `leavetype` (`leavetypeID`, `leavename`) VALUES
('1001', 'Sick Leave'),
('1002', 'Vacation Leave');

-- --------------------------------------------------------

--
-- Stand-in structure for view `login_credentials`
-- (See below for the actual view)
--
CREATE TABLE `login_credentials` (
`employeeID` int(10)
,`firstName` varchar(20)
,`userID` int(20)
,`password` varchar(20)
,`roleID` int(20)
,`department` varchar(40)
);

-- --------------------------------------------------------

--
-- Stand-in structure for view `monhtlyperiod_view`
-- (See below for the actual view)
--
CREATE TABLE `monhtlyperiod_view` (
`MonthlyPeriodID` int(20)
,`EmployeeID` int(10)
,`FullName` varchar(41)
,`Position` varchar(40)
,`Department` varchar(40)
,`GrossIncome` double(19,2)
,`SSSNo` varchar(40)
,`SSS_Contribution` decimal(10,2)
,`PhilhealthNo` varchar(40)
,`Philhealth_Contribution` decimal(13,4)
,`PagIbigNo` varchar(40)
,`PagIbig_Contribution` decimal(10,2)
,`TIN` varchar(40)
,`Withholding_Tax` decimal(20,4)
,`NetPay` double(21,4)
);

-- --------------------------------------------------------

--
-- Table structure for table `monthlyperiod`
--

CREATE TABLE `monthlyperiod` (
  `monthlyPeriodID` int(20) NOT NULL,
  `startDate` date NOT NULL,
  `endDate` date NOT NULL
) ENGINE=InnoDB DEFAULT CHARSET=utf8mb4 COLLATE=utf8mb4_general_ci;

--
-- Dumping data for table `monthlyperiod`
--

INSERT INTO `monthlyperiod` (`monthlyPeriodID`, `startDate`, `endDate`) VALUES
(500001, '2022-09-01', '2022-09-30'),
(500002, '2022-10-01', '2022-10-31'),
(500003, '2022-11-01', '2022-11-30'),
(500004, '2022-12-01', '2022-12-31');

-- --------------------------------------------------------

--
-- Stand-in structure for view `monthlyperiod_summary`
-- (See below for the actual view)
--
CREATE TABLE `monthlyperiod_summary` (
`MonthlyPeriodID` int(20)
,`employeeID` int(20)
,`TotalWorkedHours` decimal(32,0)
,`TotalOvertime` decimal(32,0)
,`AcuOvertime` double(19,2)
,`DaysWorked` bigint(21)
,`DailyRate` double(19,2)
,`Salary` double(19,2)
,`Grossalary` double(19,2)
);

-- --------------------------------------------------------

--
-- Stand-in structure for view `monthlytotal_view`
-- (See below for the actual view)
--
CREATE TABLE `monthlytotal_view` (
`MonthlyPeriodID` int(20)
,`TotalGrossIncome` double(19,2)
,`TotalSSS_Contribution` decimal(32,2)
,`TotalPhilhealth_Contribution` decimal(35,4)
,`TotalPagIbig_Contribution` decimal(32,2)
,`TotalWithholding_Tax` decimal(42,4)
,`TotalNetPay` double(21,4)
);

-- --------------------------------------------------------

--
-- Table structure for table `overtimeapplication`
--

CREATE TABLE `overtimeapplication` (
  `overtimerequestID` int(11) NOT NULL,
  `employeeID` int(11) DEFAULT NULL,
  `datefiled` date DEFAULT NULL,
  `date` date DEFAULT NULL,
  `starttime` time DEFAULT NULL,
  `endtime` time DEFAULT NULL,
  `accumulatedovertime` int(20) NOT NULL,
  `reason` varchar(255) DEFAULT NULL,
  `remarks` varchar(255) DEFAULT NULL
) ENGINE=InnoDB DEFAULT CHARSET=utf8mb4 COLLATE=utf8mb4_general_ci;

--
-- Dumping data for table `overtimeapplication`
--

INSERT INTO `overtimeapplication` (`overtimerequestID`, `employeeID`, `datefiled`, `date`, `starttime`, `endtime`, `accumulatedovertime`, `reason`, `remarks`) VALUES
(200001, 10001, '2024-06-22', '2024-06-04', '00:00:00', '00:00:00', 1, 'ot', 'Approved'),
(200002, 10001, '2024-06-22', '2024-06-04', '00:00:00', '00:00:00', 1, 'new', 'Approved'),
(200003, 10006, '2024-06-22', '2024-06-19', '00:00:00', '00:00:00', 3, 'asd', 'Approved');

-- --------------------------------------------------------

--
-- Table structure for table `pagibig`
--

CREATE TABLE `pagibig` (
  `pagibigContribID` int(20) NOT NULL,
  `salaryFrom` decimal(10,2) NOT NULL,
  `salaryTo` decimal(10,2) NOT NULL,
  `pagibigContribAmount` decimal(10,2) NOT NULL
) ENGINE=InnoDB DEFAULT CHARSET=utf8mb4 COLLATE=utf8mb4_general_ci;

--
-- Dumping data for table `pagibig`
--

INSERT INTO `pagibig` (`pagibigContribID`, `salaryFrom`, `salaryTo`, `pagibigContribAmount`) VALUES
(201, 1.00, 1500.00, 100.00),
(202, 1500.01, 999999.99, 200.00);

-- --------------------------------------------------------

--
-- Stand-in structure for view `payperiod_summary`
-- (See below for the actual view)
--
CREATE TABLE `payperiod_summary` (
`payPeriodID` int(20)
,`employeeID` int(20)
,`TotalWorkedHours` decimal(32,0)
,`TotalOvertime` decimal(32,0)
,`DaysWorked` bigint(21)
);

-- --------------------------------------------------------

--
-- Table structure for table `payrollperiod`
--

CREATE TABLE `payrollperiod` (
  `payPeriodID` int(20) NOT NULL,
  `startDate` date NOT NULL,
  `endDate` date NOT NULL
) ENGINE=InnoDB DEFAULT CHARSET=utf8mb4 COLLATE=utf8mb4_general_ci;

--
-- Dumping data for table `payrollperiod`
--

INSERT INTO `payrollperiod` (`payPeriodID`, `startDate`, `endDate`) VALUES
(400001, '2022-09-01', '2022-09-15'),
(400002, '2022-09-16', '2022-09-30'),
(400003, '2022-10-01', '2022-10-15'),
(400004, '2022-10-16', '2022-10-31'),
(400005, '2022-11-01', '2022-11-15'),
(400006, '2022-11-16', '2022-11-30'),
(400007, '2022-12-01', '2022-12-15'),
(400008, '2022-12-16', '2022-12-31');

-- --------------------------------------------------------

--
-- Stand-in structure for view `payslip_view`
-- (See below for the actual view)
--
CREATE TABLE `payslip_view` (
`PayslipNo` int(20)
,`StartDate` date
,`EndDate` date
,`EmployeeID` int(10)
,`Name` varchar(41)
,`Position_Departmet` varchar(81)
,`BasicSalary` decimal(10,2)
,`DailyRate` double(19,2)
,`DaysWorked` bigint(21)
,`Overtime` double(19,2)
,`GrossSalary` double(19,2)
,`Rice` decimal(24,4)
,`Clothing` decimal(24,4)
,`Phone` decimal(24,4)
,`TotalAllowance` decimal(26,4)
,`SSS` decimal(14,6)
,`PagIbig` decimal(14,6)
,`Philhealth` decimal(17,8)
,`Tax` decimal(24,8)
,`TotalDeduction` decimal(25,8)
,`Netpay` double(21,4)
);

-- --------------------------------------------------------

--
-- Table structure for table `philhealth`
--

CREATE TABLE `philhealth` (
  `phContribID` int(20) NOT NULL,
  `salaryFrom` decimal(10,2) NOT NULL,
  `salaryTo` decimal(10,2) NOT NULL,
  `percentage` int(10) DEFAULT NULL,
  `fixedAmount` decimal(10,2) DEFAULT NULL
) ENGINE=InnoDB DEFAULT CHARSET=utf8mb4 COLLATE=utf8mb4_general_ci;

--
-- Dumping data for table `philhealth`
--

INSERT INTO `philhealth` (`phContribID`, `salaryFrom`, `salaryTo`, `percentage`, `fixedAmount`) VALUES
(101, 1.00, 10000.00, NULL, 500.00),
(102, 10000.01, 39999.99, 0, NULL),
(103, 40000.00, 99999999.99, NULL, 5000.00);

-- --------------------------------------------------------

--
-- Table structure for table `position`
--

CREATE TABLE `position` (
  `positionID` int(20) NOT NULL,
  `position` varchar(40) NOT NULL
) ENGINE=InnoDB DEFAULT CHARSET=utf8mb4 COLLATE=utf8mb4_general_ci;

--
-- Dumping data for table `position`
--

INSERT INTO `position` (`positionID`, `position`) VALUES
(401, 'Chief Executive Officer'),
(402, 'Chief Operating Officer'),
(403, 'Chief Finance Officer'),
(404, 'Chief Marketing Officer'),
(405, 'IT Operations and Systems'),
(406, 'HR Manager'),
(407, 'HR Team Leader'),
(408, 'HR Rank and File'),
(409, 'Accounting Head'),
(410, 'Payroll Manager'),
(411, 'Payroll Team Leader'),
(412, 'Payroll Rank and File'),
(413, 'Account Manager'),
(414, 'Account Team Leader'),
(415, 'Account Rank and File'),
(416, 'Sales & Marketing'),
(417, 'Supply Chain and Logistics'),
(418, 'Customer Service and Relations');

-- --------------------------------------------------------

--
-- Table structure for table `role`
--

CREATE TABLE `role` (
  `roleID` int(20) NOT NULL,
  `roleName` varchar(40) NOT NULL
) ENGINE=InnoDB DEFAULT CHARSET=utf8mb4 COLLATE=utf8mb4_general_ci;

--
-- Dumping data for table `role`
--

INSERT INTO `role` (`roleID`, `roleName`) VALUES
(701, 'Employee'),
(702, 'Supervisor'),
(703, 'HR Admin'),
(704, 'Payroll Admin'),
(705, 'IT Admin');

-- --------------------------------------------------------

--
-- Table structure for table `sss`
--

CREATE TABLE `sss` (
  `sssContribID` int(11) NOT NULL,
  `salaryFrom` decimal(10,2) NOT NULL,
  `salaryTo` decimal(10,2) NOT NULL,
  `sssContribAmount` decimal(10,2) NOT NULL
) ENGINE=InnoDB DEFAULT CHARSET=utf8mb4 COLLATE=utf8mb4_general_ci;

--
-- Dumping data for table `sss`
--

INSERT INTO `sss` (`sssContribID`, `salaryFrom`, `salaryTo`, `sssContribAmount`) VALUES
(3001, 1.00, 3249.99, 135.00),
(3002, 3250.00, 3749.99, 157.50),
(3003, 3750.00, 4249.99, 180.00),
(3004, 4250.00, 4749.99, 202.50),
(3005, 4750.00, 5249.99, 225.00),
(3006, 5250.00, 5749.99, 247.50),
(3007, 5750.00, 6249.99, 270.00),
(3008, 6250.00, 6749.99, 292.50),
(3009, 6750.00, 7249.99, 315.00),
(3010, 7250.00, 7749.99, 337.50),
(3011, 7750.00, 8249.99, 360.00),
(3012, 8250.00, 8749.99, 382.50),
(3013, 8750.00, 9249.99, 405.00),
(3014, 9250.00, 9749.99, 427.50),
(3015, 9750.00, 10249.99, 450.00),
(3016, 10250.00, 10749.99, 472.50),
(3017, 10750.00, 11249.99, 495.00),
(3018, 11250.00, 11749.99, 517.50),
(3019, 11750.00, 12249.99, 540.00),
(3020, 12250.00, 12749.99, 562.50),
(3021, 12750.00, 13249.99, 585.00),
(3022, 13250.00, 13749.99, 607.50),
(3023, 13750.00, 14249.99, 630.00),
(3024, 14250.00, 14749.99, 652.50),
(3025, 14750.00, 15249.99, 675.00),
(3026, 15250.00, 15749.99, 697.50),
(3027, 15750.00, 16249.99, 720.00),
(3028, 16250.00, 16749.99, 742.50),
(3029, 16750.00, 17249.99, 765.00),
(3030, 17250.00, 17749.99, 787.50),
(3031, 17750.00, 18249.99, 810.00),
(3032, 18250.00, 18749.99, 832.50),
(3033, 18750.00, 19249.99, 855.00),
(3034, 19250.00, 19749.99, 877.50),
(3035, 19750.00, 20249.99, 900.00),
(3036, 20250.00, 20749.99, 922.50),
(3037, 20750.00, 21249.99, 945.00),
(3038, 21250.00, 21749.99, 967.50),
(3039, 21750.00, 22249.99, 990.00),
(3040, 22250.00, 22749.99, 1012.50),
(3041, 22750.00, 23249.99, 1035.00),
(3042, 23250.00, 23749.99, 1057.50),
(3043, 23750.00, 24249.99, 1080.00),
(3044, 24250.00, 24749.99, 1102.50),
(3045, 24750.00, 99999999.99, 1125.00);

-- --------------------------------------------------------

--
-- Table structure for table `tax`
--

CREATE TABLE `tax` (
  `taxID` int(20) NOT NULL,
  `salaryFrom` decimal(10,2) NOT NULL,
  `salaryTo` decimal(10,2) NOT NULL,
  `taxRate` decimal(10,2) NOT NULL
) ENGINE=InnoDB DEFAULT CHARSET=utf8mb4 COLLATE=utf8mb4_general_ci;

--
-- Dumping data for table `tax`
--

INSERT INTO `tax` (`taxID`, `salaryFrom`, `salaryTo`, `taxRate`) VALUES
(301, 1.00, 20832.00, 0.00),
(302, 20833.00, 33332.99, 0.20),
(303, 33333.00, 66666.99, 0.25),
(304, 66667.00, 166666.99, 0.30),
(305, 166667.00, 666666.99, 0.32),
(306, 666667.00, 99999999.99, 0.35);

-- --------------------------------------------------------

--
-- Table structure for table `user`
--

CREATE TABLE `user` (
  `userID` int(20) NOT NULL,
  `employeeID` int(20) NOT NULL,
  `password` varchar(20) NOT NULL,
  `roleID` int(20) NOT NULL
) ENGINE=InnoDB DEFAULT CHARSET=utf8mb4 COLLATE=utf8mb4_general_ci;

--
-- Dumping data for table `user`
--

INSERT INTO `user` (`userID`, `employeeID`, `password`, `roleID`) VALUES
(101, 10001, 'password01', 702),
(102, 10002, 'password02', 702),
(103, 10003, 'password03', 704),
(104, 10004, 'password04', 702),
(105, 10005, 'password05', 705),
(106, 10006, 'password06', 703),
(107, 10007, 'password07', 703),
(108, 10008, 'password08', 703),
(109, 10009, 'password09', 703),
(110, 10010, 'password10', 704),
(111, 10011, 'password11', 704),
(112, 10012, 'password12', 704),
(113, 10013, 'password13', 704),
(114, 10014, 'password14', 704),
(115, 10015, 'password15', 702),
(116, 10016, 'password16', 702),
(117, 10017, 'password17', 702),
(118, 10018, 'password18', 701),
(119, 10019, 'password19', 701),
(120, 10020, 'password20', 701),
(121, 10021, 'password21', 701),
(122, 10022, 'password22', 701),
(123, 10023, 'password23', 701),
(124, 10024, 'password24', 701),
(125, 10025, 'password25', 701),
(126, 10026, 'password26', 701),
(127, 10027, 'password27', 701),
(128, 10028, 'password28', 701),
(129, 10029, 'password29', 701),
(130, 10030, 'password30', 701),
(131, 10031, 'password31', 701),
(132, 10032, 'password32', 701),
(133, 10033, 'password33', 701),
(134, 10034, 'password34', 701);

-- --------------------------------------------------------

--
-- Structure for view `attendance_details`
--
DROP TABLE IF EXISTS `attendance_details`;

CREATE ALGORITHM=UNDEFINED DEFINER=`root`@`localhost` SQL SECURITY DEFINER VIEW `attendance_details`  AS SELECT `attendancerecord`.`employeeID` AS `employeeID`, `attendancerecord`.`date` AS `date`, time_format(`attendancerecord`.`timeIn`,'%H:%i:%s') AS `formattedTimeIn`, time_format(`attendancerecord`.`timeOut`,'%H:%i:%s') AS `formattedTimeOut`, hour(timediff(`attendancerecord`.`timeOut`,`attendancerecord`.`timeIn`)) AS `workHours`, CASE WHEN hour(timediff(`attendancerecord`.`timeOut`,`attendancerecord`.`timeIn`)) > 8 THEN hour(timediff(`attendancerecord`.`timeOut`,`attendancerecord`.`timeIn`)) - 9 ELSE 0 END AS `overtime`, 'pending' AS `status` FROM `attendancerecord` ;

-- --------------------------------------------------------

--
-- Structure for view `benefit_details`
--
DROP TABLE IF EXISTS `benefit_details`;

CREATE ALGORITHM=UNDEFINED DEFINER=`root`@`localhost` SQL SECURITY DEFINER VIEW `benefit_details`  AS SELECT `benefit_summary`.`employeeID` AS `EmployeeID`, `benefit_summary`.`position` AS `position`, max(case when `benefit_summary`.`benefitType` = 'Rice' then `benefit_summary`.`amount` else 0 end) AS `Rice`, max(case when `benefit_summary`.`benefitType` = 'Phone' then `benefit_summary`.`amount` else 0 end) AS `Phone`, max(case when `benefit_summary`.`benefitType` = 'Clothing' then `benefit_summary`.`amount` else 0 end) AS `Clothing` FROM `dummy`.`benefit_summary` GROUP BY `benefit_summary`.`employeeID` ;

-- --------------------------------------------------------

--
-- Structure for view `benefit_summary`
--
DROP TABLE IF EXISTS `benefit_summary`;

CREATE ALGORITHM=UNDEFINED DEFINER=`root`@`localhost` SQL SECURITY DEFINER VIEW `benefit_summary`  AS SELECT `e`.`employeeID` AS `employeeID`, `p`.`position` AS `position`, `bt`.`benefitType` AS `benefitType`, `ba`.`amount` AS `amount` FROM (((`dummy`.`employee` `e` join `dummy`.`benefitamount` `ba` on(`e`.`positionID` = `ba`.`postitionID`)) join `dummy`.`benefittype` `bt` on(`bt`.`benefitTypeID` = `ba`.`benefitTypeID`)) join `dummy`.`position` `p` on(`e`.`positionID` = `p`.`positionID`)) ;

-- --------------------------------------------------------

--
-- Structure for view `deduction_details`
--
DROP TABLE IF EXISTS `deduction_details`;

CREATE ALGORITHM=UNDEFINED DEFINER=`root`@`localhost` SQL SECURITY DEFINER VIEW `deduction_details`  AS SELECT `e`.`payPeriodID` AS `payPeriodID`, `e`.`employeeID` AS `employeeID`, coalesce(`sss`.`sssContribAmount`,0) AS `SSS`, coalesce(`pagibig`.`pagibigContribAmount`,0) AS `PagIBIG`, coalesce(case when `ph`.`percentage` is not null then 0.05 * `e`.`basicSalary` else `ph`.`fixedAmount` end,0) AS `PhilHealth`, coalesce(case when `tax`.`taxRate` is not null then `tax`.`taxRate` * `e`.`basicSalary` else 0 end,0) AS `Tax`, coalesce(`sss`.`sssContribAmount`,0) + coalesce(`pagibig`.`pagibigContribAmount`,0) + coalesce(case when `ph`.`percentage` is not null then 0.05 * `e`.`basicSalary` else `ph`.`fixedAmount` end,0) + coalesce(case when `tax`.`taxRate` is not null then `tax`.`taxRate` * `e`.`basicSalary` else 0 end,0) AS `TotalDeduction` FROM ((((`earnings_view` `e` left join `sss` on(`e`.`basicSalary` between `sss`.`salaryFrom` and `sss`.`salaryTo`)) left join `philhealth` `ph` on(`e`.`basicSalary` between `ph`.`salaryFrom` and `ph`.`salaryTo`)) left join `pagibig` on(`e`.`basicSalary` between `pagibig`.`salaryFrom` and `pagibig`.`salaryTo`)) left join `tax` on(`e`.`basicSalary` between `tax`.`salaryFrom` and `tax`.`salaryTo`)) ;

-- --------------------------------------------------------

--
-- Structure for view `earnings_view`
--
DROP TABLE IF EXISTS `earnings_view`;

CREATE ALGORITHM=UNDEFINED DEFINER=`root`@`localhost` SQL SECURITY DEFINER VIEW `earnings_view`  AS SELECT `p`.`payPeriodID` AS `payPeriodID`, `p`.`employeeID` AS `employeeID`, `p`.`TotalOvertime` AS `TotalOvertime`, `p`.`DaysWorked` AS `DaysWorked`, `b`.`salary` AS `basicSalary`, round(`b`.`hourlyrate` * 8,2) AS `dailyrate`, round(`p`.`TotalOvertime` * `b`.`hourlyrate`,2) AS `accumulatedOvertime`, round(`p`.`DaysWorked` * (`b`.`hourlyrate` * 8),2) AS `grossSalaryWithoutOvertime`, round(`p`.`DaysWorked` * (`b`.`hourlyrate` * 8) + `p`.`TotalOvertime` * `b`.`hourlyrate`,2) AS `grossSalaryWithOvertime` FROM ((`payperiod_summary` `p` join `employee` `e` on(`p`.`employeeID` = `e`.`employeeID`)) join `basicsalary` `b` on(`e`.`basicSalaryID` = `b`.`basicSalaryID`)) GROUP BY `p`.`payPeriodID`, `p`.`employeeID` ;

-- --------------------------------------------------------

--
-- Structure for view `employeedetails_hrview`
--
DROP TABLE IF EXISTS `employeedetails_hrview`;

CREATE ALGORITHM=UNDEFINED DEFINER=`root`@`localhost` SQL SECURITY DEFINER VIEW `employeedetails_hrview`  AS SELECT `employee`.`employeeID` AS `employeeID`, `employee`.`lastName` AS `lastName`, `employee`.`firstName` AS `firstName`, `employee`.`birthDate` AS `birthDate`, `employee`.`streetAddress` AS `streetAddress`, `employee`.`city` AS `city`, `employee`.`province` AS `province`, `employee`.`zip` AS `zip`, `employee`.`phoneNo` AS `phoneNo`, `employee`.`email` AS `email`, `employee`.`sssNo` AS `sssNo`, `employee`.`philhealthNo` AS `philhealthNo`, `employee`.`pagibigNo` AS `pagibigNo`, `employee`.`tin` AS `tin` FROM `employee` GROUP BY `employee`.`employeeID` ;

-- --------------------------------------------------------

--
-- Structure for view `employeedetails_view`
--
DROP TABLE IF EXISTS `employeedetails_view`;

CREATE ALGORITHM=UNDEFINED DEFINER=`root`@`localhost` SQL SECURITY DEFINER VIEW `employeedetails_view`  AS SELECT `e`.`employeeID` AS `employeeID`, concat(`e`.`firstName`,' ',`e`.`lastName`) AS `name`, `e`.`birthDate` AS `birthDate`, concat(`e`.`streetAddress`,', ',`e`.`city`,', ',`e`.`province`,', ',`e`.`zip`) AS `address`, `e`.`phoneNo` AS `phoneNo`, `e`.`sssNo` AS `sssNo`, `e`.`pagibigNo` AS `pagibigNo`, `e`.`philhealthNo` AS `philhealthNo`, `e`.`tin` AS `tin`, `p`.`position` AS `position`, `d`.`department` AS `department`, `e`.`status` AS `status` FROM ((`employee` `e` join `department` `d` on(`e`.`depID` = `d`.`depID`)) join `position` `p` on(`e`.`positionID` = `p`.`positionID`)) ;

-- --------------------------------------------------------

--
-- Structure for view `login_credentials`
--
DROP TABLE IF EXISTS `login_credentials`;

CREATE ALGORITHM=UNDEFINED DEFINER=`root`@`localhost` SQL SECURITY DEFINER VIEW `login_credentials`  AS SELECT `e`.`employeeID` AS `employeeID`, `e`.`firstName` AS `firstName`, `u`.`userID` AS `userID`, `u`.`password` AS `password`, `u`.`roleID` AS `roleID`, `d`.`department` AS `department` FROM ((`employee` `e` join `department` `d` on(`e`.`depID` = `d`.`depID`)) join `user` `u` on(`e`.`employeeID` = `u`.`employeeID`)) ;

-- --------------------------------------------------------

--
-- Structure for view `monhtlyperiod_view`
--
DROP TABLE IF EXISTS `monhtlyperiod_view`;

CREATE ALGORITHM=UNDEFINED DEFINER=`root`@`localhost` SQL SECURITY DEFINER VIEW `monhtlyperiod_view`  AS SELECT `m`.`MonthlyPeriodID` AS `MonthlyPeriodID`, `e`.`employeeID` AS `EmployeeID`, `e`.`name` AS `FullName`, `e`.`position` AS `Position`, `e`.`department` AS `Department`, `m`.`Grossalary`+ `bd`.`Rice` + `bd`.`Phone` + `bd`.`Clothing` AS `GrossIncome`, `e`.`sssNo` AS `SSSNo`, `d`.`SSS` AS `SSS_Contribution`, `e`.`philhealthNo` AS `PhilhealthNo`, `d`.`PhilHealth` AS `Philhealth_Contribution`, `e`.`pagibigNo` AS `PagIbigNo`, `d`.`PagIBIG` AS `PagIbig_Contribution`, `e`.`tin` AS `TIN`, `d`.`Tax` AS `Withholding_Tax`, `m`.`Grossalary`+ `bd`.`Rice` + `bd`.`Phone` + `bd`.`Clothing` - `d`.`TotalDeduction` AS `NetPay` FROM (((`employeedetails_view` `e` join `benefit_details` `bd` on(`e`.`employeeID` = `bd`.`EmployeeID`)) join `deduction_details` `d` on(`bd`.`EmployeeID` = `d`.`employeeID`)) join `monthlyperiod_summary` `m` on(`d`.`employeeID` = `m`.`employeeID`)) GROUP BY `m`.`MonthlyPeriodID`, `e`.`employeeID` ORDER BY `m`.`MonthlyPeriodID` ASC, `e`.`employeeID` ASC ;

-- --------------------------------------------------------

--
-- Structure for view `monthlyperiod_summary`
--
DROP TABLE IF EXISTS `monthlyperiod_summary`;

CREATE ALGORITHM=UNDEFINED DEFINER=`root`@`localhost` SQL SECURITY DEFINER VIEW `monthlyperiod_summary`  AS SELECT `m`.`monthlyPeriodID` AS `MonthlyPeriodID`, `a`.`employeeID` AS `employeeID`, sum(`a`.`workHours`) AS `TotalWorkedHours`, sum(`a`.`overtime`) AS `TotalOvertime`, sum(`a`.`overtime`) * `b`.`hourlyrate` AS `AcuOvertime`, count(distinct `a`.`date`) AS `DaysWorked`, `b`.`hourlyrate`* 8 AS `DailyRate`, count(distinct `a`.`date`) * (`b`.`hourlyrate` * 8) AS `Salary`, sum(`a`.`overtime`) * `b`.`hourlyrate` + count(distinct `a`.`date`) * (`b`.`hourlyrate` * 8) AS `Grossalary` FROM (((`attendance_details` `a` join `monthlyperiod` `m` on(`a`.`date` between `m`.`startDate` and `m`.`endDate`)) join `employee` `e` on(`a`.`employeeID` = `e`.`employeeID`)) join `basicsalary` `b` on(`e`.`basicSalaryID` = `b`.`basicSalaryID`)) GROUP BY `m`.`monthlyPeriodID`, `a`.`employeeID` ORDER BY `m`.`monthlyPeriodID` ASC, `a`.`employeeID` ASC ;

-- --------------------------------------------------------

--
-- Structure for view `monthlytotal_view`
--
DROP TABLE IF EXISTS `monthlytotal_view`;

CREATE ALGORITHM=UNDEFINED DEFINER=`root`@`localhost` SQL SECURITY DEFINER VIEW `monthlytotal_view`  AS SELECT `m`.`MonthlyPeriodID` AS `MonthlyPeriodID`, sum(`m`.`Grossalary` + `bd`.`Rice` + `bd`.`Phone` + `bd`.`Clothing`) AS `TotalGrossIncome`, sum(`d`.`SSS`) AS `TotalSSS_Contribution`, sum(`d`.`PhilHealth`) AS `TotalPhilhealth_Contribution`, sum(`d`.`PagIBIG`) AS `TotalPagIbig_Contribution`, sum(`d`.`Tax`) AS `TotalWithholding_Tax`, sum(`m`.`Grossalary` + `bd`.`Rice` + `bd`.`Phone` + `bd`.`Clothing` - `d`.`TotalDeduction`) AS `TotalNetPay` FROM (((`employeedetails_view` `e` join `benefit_details` `bd` on(`e`.`employeeID` = `bd`.`EmployeeID`)) join `deduction_details` `d` on(`bd`.`EmployeeID` = `d`.`employeeID`)) join `monthlyperiod_summary` `m` on(`d`.`employeeID` = `m`.`employeeID`)) GROUP BY `m`.`MonthlyPeriodID` ORDER BY `m`.`MonthlyPeriodID` ASC ;

-- --------------------------------------------------------

--
-- Structure for view `payperiod_summary`
--
DROP TABLE IF EXISTS `payperiod_summary`;

CREATE ALGORITHM=UNDEFINED DEFINER=`root`@`localhost` SQL SECURITY DEFINER VIEW `payperiod_summary`  AS SELECT `p`.`payPeriodID` AS `payPeriodID`, `a`.`employeeID` AS `employeeID`, sum(`a`.`workHours`) AS `TotalWorkedHours`, sum(`a`.`overtime`) AS `TotalOvertime`, count(distinct `a`.`date`) AS `DaysWorked` FROM (`attendance_details` `a` join `payrollperiod` `p` on(`a`.`date` between `p`.`startDate` and `p`.`endDate`)) GROUP BY `p`.`payPeriodID`, `a`.`employeeID` ORDER BY `p`.`payPeriodID` ASC, `a`.`employeeID` ASC ;

-- --------------------------------------------------------

--
-- Structure for view `payslip_view`
--
DROP TABLE IF EXISTS `payslip_view`;

CREATE ALGORITHM=UNDEFINED DEFINER=`root`@`localhost` SQL SECURITY DEFINER VIEW `payslip_view`  AS SELECT `pp`.`payPeriodID` AS `PayslipNo`, `pp`.`startDate` AS `StartDate`, `pp`.`endDate` AS `EndDate`, `em`.`employeeID` AS `EmployeeID`, `em`.`name` AS `Name`, concat(`em`.`position`,'/',`em`.`department`) AS `Position_Departmet`, `er`.`basicSalary` AS `BasicSalary`, `er`.`dailyrate` AS `DailyRate`, `er`.`DaysWorked` AS `DaysWorked`, `er`.`accumulatedOvertime` AS `Overtime`, `er`.`grossSalaryWithoutOvertime` AS `GrossSalary`, `bd`.`Rice`/ 2 AS `Rice`, `bd`.`Clothing`/ 2 AS `Clothing`, `bd`.`Phone`/ 2 AS `Phone`, (`bd`.`Rice` + `bd`.`Phone` + `bd`.`Clothing`) / 2 AS `TotalAllowance`, `d`.`SSS`/ 2 AS `SSS`, `d`.`PagIBIG`/ 2 AS `PagIbig`, `d`.`PhilHealth`/ 2 AS `Philhealth`, `d`.`Tax`/ 2 AS `Tax`, `d`.`TotalDeduction`/ 2 AS `TotalDeduction`, (`bd`.`Rice` + `bd`.`Phone` + `bd`.`Clothing`) / 2 + `er`.`grossSalaryWithOvertime` - (`bd`.`Rice` + `bd`.`Phone` + `bd`.`Clothing`) / 2 AS `Netpay` FROM (((((`employeedetails_view` `em` join `benefit_details` `bd` on(`bd`.`EmployeeID` = `em`.`employeeID`)) join `earnings_view` `er` on(`bd`.`EmployeeID` = `er`.`employeeID`)) join `deduction_details` `d` on(`er`.`employeeID` = `d`.`employeeID`)) join `payperiod_summary` `p` on(`d`.`payPeriodID` = `p`.`payPeriodID`)) join `payrollperiod` `pp` on(`p`.`payPeriodID` = `pp`.`payPeriodID`)) ;

--
-- Indexes for dumped tables
--

--
-- Indexes for table `attendancerecord`
--
ALTER TABLE `attendancerecord`
  ADD PRIMARY KEY (`attRecordID`),
  ADD KEY `fk_employeeID` (`employeeID`);

--
-- Indexes for table `basicsalary`
--
ALTER TABLE `basicsalary`
  ADD PRIMARY KEY (`basicSalaryID`);

--
-- Indexes for table `benefitamount`
--
ALTER TABLE `benefitamount`
  ADD KEY `fk_benefitID` (`benefitTypeID`),
  ADD KEY `fk_bpositionID` (`positionID`);

--
-- Indexes for table `benefittype`
--
ALTER TABLE `benefittype`
  ADD PRIMARY KEY (`benefitTypeID`);

--
-- Indexes for table `department`
--
ALTER TABLE `department`
  ADD PRIMARY KEY (`depID`);

--
-- Indexes for table `employee`
--
ALTER TABLE `employee`
  ADD PRIMARY KEY (`employeeID`),
  ADD KEY `fk_positionID` (`positionID`),
  ADD KEY `fk_depID` (`depID`),
  ADD KEY `fk_basicsalaryID` (`basicSalaryID`);

--
-- Indexes for table `incidentreports`
--
ALTER TABLE `incidentreports`
  ADD PRIMARY KEY (`incidentreportID`);

--
-- Indexes for table `leaveapplication`
--
ALTER TABLE `leaveapplication`
  ADD PRIMARY KEY (`leaveapplicationID`);

--
-- Indexes for table `leavebalance`
--
ALTER TABLE `leavebalance`
  ADD PRIMARY KEY (`leaveBalanceID`);

--
-- Indexes for table `leavetype`
--
ALTER TABLE `leavetype`
  ADD PRIMARY KEY (`leavetypeID`);

--
-- Indexes for table `monthlyperiod`
--
ALTER TABLE `monthlyperiod`
  ADD PRIMARY KEY (`monthlyPeriodID`);

--
-- Indexes for table `overtimeapplication`
--
ALTER TABLE `overtimeapplication`
  ADD PRIMARY KEY (`overtimerequestID`);

--
-- Indexes for table `pagibig`
--
ALTER TABLE `pagibig`
  ADD PRIMARY KEY (`pagibigContribID`);

--
-- Indexes for table `payrollperiod`
--
ALTER TABLE `payrollperiod`
  ADD PRIMARY KEY (`payPeriodID`);

--
-- Indexes for table `philhealth`
--
ALTER TABLE `philhealth`
  ADD PRIMARY KEY (`phContribID`);

--
-- Indexes for table `position`
--
ALTER TABLE `position`
  ADD PRIMARY KEY (`positionID`);

--
-- Indexes for table `role`
--
ALTER TABLE `role`
  ADD PRIMARY KEY (`roleID`);

--
-- Indexes for table `sss`
--
ALTER TABLE `sss`
  ADD PRIMARY KEY (`sssContribID`);

--
-- Indexes for table `tax`
--
ALTER TABLE `tax`
  ADD PRIMARY KEY (`taxID`);

--
-- Indexes for table `user`
--
ALTER TABLE `user`
  ADD PRIMARY KEY (`userID`),
  ADD KEY `fk_uemployeeID` (`employeeID`),
  ADD KEY `fk_uroleID` (`roleID`);

--
-- AUTO_INCREMENT for dumped tables
--

--
-- AUTO_INCREMENT for table `attendancerecord`
--
ALTER TABLE `attendancerecord`
  MODIFY `attRecordID` int(20) NOT NULL AUTO_INCREMENT, AUTO_INCREMENT=5224;

--
-- AUTO_INCREMENT for table `basicsalary`
--
ALTER TABLE `basicsalary`
  MODIFY `basicSalaryID` int(20) NOT NULL AUTO_INCREMENT, AUTO_INCREMENT=20035;

--
-- AUTO_INCREMENT for table `benefittype`
--
ALTER TABLE `benefittype`
  MODIFY `benefitTypeID` int(20) NOT NULL AUTO_INCREMENT, AUTO_INCREMENT=604;

--
-- AUTO_INCREMENT for table `department`
--
ALTER TABLE `department`
  MODIFY `depID` int(20) NOT NULL AUTO_INCREMENT, AUTO_INCREMENT=507;

--
-- AUTO_INCREMENT for table `employee`
--
ALTER TABLE `employee`
  MODIFY `employeeID` int(10) NOT NULL AUTO_INCREMENT, AUTO_INCREMENT=10038;

--
-- AUTO_INCREMENT for table `incidentreports`
--
ALTER TABLE `incidentreports`
  MODIFY `incidentreportID` int(40) NOT NULL AUTO_INCREMENT, AUTO_INCREMENT=70002;

--
-- AUTO_INCREMENT for table `leaveapplication`
--
ALTER TABLE `leaveapplication`
  MODIFY `leaveapplicationID` int(20) NOT NULL AUTO_INCREMENT, AUTO_INCREMENT=900009;

--
-- AUTO_INCREMENT for table `leavebalance`
--
ALTER TABLE `leavebalance`
  MODIFY `leaveBalanceID` int(20) NOT NULL AUTO_INCREMENT, AUTO_INCREMENT=300081;

--
-- AUTO_INCREMENT for table `monthlyperiod`
--
ALTER TABLE `monthlyperiod`
  MODIFY `monthlyPeriodID` int(20) NOT NULL AUTO_INCREMENT, AUTO_INCREMENT=500005;

--
-- AUTO_INCREMENT for table `overtimeapplication`
--
ALTER TABLE `overtimeapplication`
  MODIFY `overtimerequestID` int(11) NOT NULL AUTO_INCREMENT, AUTO_INCREMENT=200004;

--
-- AUTO_INCREMENT for table `pagibig`
--
ALTER TABLE `pagibig`
  MODIFY `pagibigContribID` int(20) NOT NULL AUTO_INCREMENT, AUTO_INCREMENT=203;

--
-- AUTO_INCREMENT for table `payrollperiod`
--
ALTER TABLE `payrollperiod`
  MODIFY `payPeriodID` int(20) NOT NULL AUTO_INCREMENT, AUTO_INCREMENT=400009;

--
-- AUTO_INCREMENT for table `philhealth`
--
ALTER TABLE `philhealth`
  MODIFY `phContribID` int(20) NOT NULL AUTO_INCREMENT, AUTO_INCREMENT=104;

--
-- AUTO_INCREMENT for table `position`
--
ALTER TABLE `position`
  MODIFY `positionID` int(20) NOT NULL AUTO_INCREMENT, AUTO_INCREMENT=419;

--
-- AUTO_INCREMENT for table `role`
--
ALTER TABLE `role`
  MODIFY `roleID` int(20) NOT NULL AUTO_INCREMENT, AUTO_INCREMENT=706;

--
-- AUTO_INCREMENT for table `sss`
--
ALTER TABLE `sss`
  MODIFY `sssContribID` int(11) NOT NULL AUTO_INCREMENT, AUTO_INCREMENT=3046;

--
-- AUTO_INCREMENT for table `tax`
--
ALTER TABLE `tax`
  MODIFY `taxID` int(20) NOT NULL AUTO_INCREMENT, AUTO_INCREMENT=307;

--
-- AUTO_INCREMENT for table `user`
--
ALTER TABLE `user`
  MODIFY `userID` int(20) NOT NULL AUTO_INCREMENT, AUTO_INCREMENT=135;

--
-- Constraints for dumped tables
--

--
-- Constraints for table `attendancerecord`
--
ALTER TABLE `attendancerecord`
  ADD CONSTRAINT `fk_employeeID` FOREIGN KEY (`employeeID`) REFERENCES `employee` (`employeeID`);

--
-- Constraints for table `benefitamount`
--
ALTER TABLE `benefitamount`
  ADD CONSTRAINT `fk_benefitID` FOREIGN KEY (`benefitTypeID`) REFERENCES `benefittype` (`benefitTypeID`),
  ADD CONSTRAINT `fk_bpositionID` FOREIGN KEY (`positionID`) REFERENCES `position` (`positionID`);

--
-- Constraints for table `employee`
--
ALTER TABLE `employee`
  ADD CONSTRAINT `fk_basicsalaryID` FOREIGN KEY (`basicSalaryID`) REFERENCES `basicsalary` (`basicSalaryID`),
  ADD CONSTRAINT `fk_depID` FOREIGN KEY (`depID`) REFERENCES `department` (`depID`),
  ADD CONSTRAINT `fk_positionID` FOREIGN KEY (`positionID`) REFERENCES `position` (`positionID`);

--
-- Constraints for table `user`
--
ALTER TABLE `user`
  ADD CONSTRAINT `fk_uemployeeID` FOREIGN KEY (`employeeID`) REFERENCES `employee` (`employeeID`),
  ADD CONSTRAINT `fk_uroleID` FOREIGN KEY (`roleID`) REFERENCES `role` (`roleID`);
COMMIT;

/*!40101 SET CHARACTER_SET_CLIENT=@OLD_CHARACTER_SET_CLIENT */;
/*!40101 SET CHARACTER_SET_RESULTS=@OLD_CHARACTER_SET_RESULTS */;
/*!40101 SET COLLATION_CONNECTION=@OLD_COLLATION_CONNECTION */;
